entity_id,region,confidence,rationale,source_id,review_status
ENT_ACHELOOS,Greek,medium,Seed broad tradition/region from entities.tradition.,SRC_THEOI_GODS,candidate_extracted
ENT_ACHELOUS_MINOR,Greek,medium,Seed broad tradition/region from entities.tradition.,SRC_THEOI_GODS,candidate_extracted
ENT_ACHERON,Greek,medium,Seed broad tradition/region from entities.tradition.,SRC_THEOI_GODS,candidate_extracted
ENT_ACHERON_RIVER,Greek,medium,Seed broad tradition/region from entities.tradition.,SRC_THEOI_GODS,candidate_extracted
ENT_ACHILLES,Greek,medium,Seed broad tradition/region from entities.tradition.,SRC_THEOI_GODS,candidate_extracted
ENT_ACHLYS,Greek,medium,Seed broad tradition/region from entities.tradition.,SRC_THEOI_GODS,candidate_extracted
ENT_ACTAEA,Greek,medium,Seed broad tradition/region from entities.tradition.,SRC_THEOI_GODS,candidate_extracted
ENT_ADIKIA,Greek,medium,Seed broad tradition/region from entities.tradition.,SRC_THEOI_GODS,candidate_extracted
ENT_ADONIS,Greek,medium,Seed broad tradition/region from entities.tradition.,SRC_THEOI_GODS,candidate_extracted
ENT_ADONIS_HERO,Greek,medium,Seed broad tradition/region from entities.tradition.,SRC_THEOI_GODS,candidate_extracted
ENT_ADRASTEIA_NYMPH,Greek,medium,Seed broad tradition/region from entities.tradition.,SRC_THEOI_GODS,candidate_extracted
ENT_AEACUS,Greek,medium,Seed broad tradition/region from entities.tradition.,SRC_THEOI_GODS,candidate_extracted
ENT_AEACUS_HERO,Greek,medium,Seed broad tradition/region from entities.tradition.,SRC_THEOI_GODS,candidate_extracted
ENT_AEGINA,Greek,medium,Seed broad tradition/region from entities.tradition.,SRC_THEOI_GODS,candidate_extracted
ENT_AEGLE_HESPERID,Greek,medium,Seed broad tradition/region from entities.tradition.,SRC_THEOI_GODS,candidate_extracted
ENT_AENEAS_GREEK_RECEPTION,Greek,medium,Seed broad tradition/region from entities.tradition.,SRC_THEOI_GODS,candidate_extracted
ENT_AESAR,Greek,medium,Seed broad tradition/region from entities.tradition.,SRC_THEOI_GODS,candidate_extracted
ENT_AESEPUS,Greek,medium,Seed broad tradition/region from entities.tradition.,SRC_THEOI_GODS,candidate_extracted
ENT_AETHER,Greek,medium,Seed broad tradition/region from entities.tradition.,SRC_THEOI_GODS,candidate_extracted
ENT_AETHRA_OCEANID,Greek,medium,Seed broad tradition/region from entities.tradition.,SRC_THEOI_GODS,candidate_extracted
ENT_AGANIPPE,Greek,medium,Seed broad tradition/region from entities.tradition.,SRC_THEOI_GODS,candidate_extracted
ENT_AGATHOS_DAIMON,Greek,medium,Seed broad tradition/region from entities.tradition.,SRC_THEOI_GODS,candidate_extracted
ENT_AIDOS,Greek,medium,Seed broad tradition/region from entities.tradition.,SRC_THEOI_GODS,candidate_extracted
ENT_AJAX,Greek,medium,Seed broad tradition/region from entities.tradition.,SRC_THEOI_GODS,candidate_extracted
ENT_ALGEA,Greek,medium,Seed broad tradition/region from entities.tradition.,SRC_THEOI_GODS,candidate_extracted
ENT_ALKE,Greek,medium,Seed broad tradition/region from entities.tradition.,SRC_THEOI_GODS,candidate_extracted
ENT_ALPHEUS,Greek,medium,Seed broad tradition/region from entities.tradition.,SRC_THEOI_GODS,candidate_extracted
ENT_AMALTHEIA,Greek,medium,Seed broad tradition/region from entities.tradition.,SRC_THEOI_GODS,candidate_extracted
ENT_AMECHANIA,Greek,medium,Seed broad tradition/region from entities.tradition.,SRC_THEOI_GODS,candidate_extracted
ENT_AMPHIARAUS,Greek,medium,Seed broad tradition/region from entities.tradition.,SRC_THEOI_GODS,candidate_extracted
ENT_AMPHIARAUS,Oropos,B,Promoted from v0.1 places table: healing oracle.,SRC_THEOI_DEIFIED,seed_pending
ENT_AMPHILOGIAI,Greek,medium,Seed broad tradition/region from entities.tradition.,SRC_THEOI_GODS,candidate_extracted
ENT_AMPHITRITE,Greek,medium,Seed broad tradition/region from entities.tradition.,SRC_THEOI_GODS,candidate_extracted
ENT_ANANKE,Greek,medium,Seed broad tradition/region from entities.tradition.,SRC_THEOI_GODS,candidate_extracted
ENT_ANYTUS,Greek,medium,Seed broad tradition/region from entities.tradition.,SRC_THEOI_GODS,candidate_extracted
ENT_APATE,Greek,medium,Seed broad tradition/region from entities.tradition.,SRC_THEOI_GODS,candidate_extracted
ENT_APHRODITE,Greek,medium,Seed broad tradition/region from entities.tradition.,SRC_THEOI_GODS,candidate_extracted
ENT_APOLLO,Greek,medium,Seed broad tradition/region from entities.tradition.,SRC_THEOI_GODS,candidate_extracted
ENT_ARES,Greek,medium,Seed broad tradition/region from entities.tradition.,SRC_THEOI_GODS,candidate_extracted
ENT_ARETE,Greek,medium,Seed broad tradition/region from entities.tradition.,SRC_THEOI_GODS,candidate_extracted
ENT_ARETHUSA,Greek,medium,Seed broad tradition/region from entities.tradition.,SRC_THEOI_GODS,candidate_extracted
ENT_ARETHUSA_HESPERID,Greek,medium,Seed broad tradition/region from entities.tradition.,SRC_THEOI_GODS,candidate_extracted
ENT_ARIADNE,Greek,medium,Seed broad tradition/region from entities.tradition.,SRC_THEOI_GODS,candidate_extracted
ENT_ARISTAEUS,Greek,medium,Seed broad tradition/region from entities.tradition.,SRC_THEOI_GODS,candidate_extracted
ENT_ARISTAEUS_HERO,Greek,medium,Seed broad tradition/region from entities.tradition.,SRC_THEOI_GODS,candidate_extracted
ENT_ARTEMIS,Greek,medium,Seed broad tradition/region from entities.tradition.,SRC_THEOI_GODS,candidate_extracted
ENT_ASCALAPHUS,Greek,medium,Seed broad tradition/region from entities.tradition.,SRC_THEOI_GODS,candidate_extracted
ENT_ASCLEPIUS,Epidaurus,B,Promoted from v0.1 places table: healing sanctuary.,SRC_THEOI_DEIFIED,seed_pending
ENT_ASCLEPIUS,Greek,medium,Seed broad tradition/region from entities.tradition.,SRC_THEOI_GODS,candidate_extracted
ENT_ASCLEPIUS_HERO,Greek,medium,Seed broad tradition/region from entities.tradition.,SRC_THEOI_GODS,candidate_extracted
ENT_ASIA,Greek,medium,Seed broad tradition/region from entities.tradition.,SRC_THEOI_GODS,candidate_extracted
ENT_ASOPUS,Greek,medium,Seed broad tradition/region from entities.tradition.,SRC_THEOI_GODS,candidate_extracted
ENT_ASTERIA,Greek,medium,Seed broad tradition/region from entities.tradition.,SRC_THEOI_GODS,candidate_extracted
ENT_ASTRAEUS,Greek,medium,Seed broad tradition/region from entities.tradition.,SRC_THEOI_GODS,candidate_extracted
ENT_AT,Greek,medium,Seed broad tradition/region from entities.tradition.,SRC_THEOI_GODS,candidate_extracted
ENT_ATALANTA,Greek,medium,Seed broad tradition/region from entities.tradition.,SRC_THEOI_GODS,candidate_extracted
ENT_ATHENA,Greek,medium,Seed broad tradition/region from entities.tradition.,SRC_THEOI_GODS,candidate_extracted
ENT_ATLAS,Greek,medium,Seed broad tradition/region from entities.tradition.,SRC_THEOI_GODS,candidate_extracted
ENT_ATTIS,Greek,medium,Seed broad tradition/region from entities.tradition.,SRC_THEOI_GODS,candidate_extracted
ENT_AURAE,Greek,medium,Seed broad tradition/region from entities.tradition.,SRC_THEOI_GODS,candidate_extracted
ENT_AXIUS,Greek,medium,Seed broad tradition/region from entities.tradition.,SRC_THEOI_GODS,candidate_extracted
ENT_BELLEROPHON,Greek,medium,Seed broad tradition/region from entities.tradition.,SRC_THEOI_GODS,candidate_extracted
ENT_BENDIS,Greek,medium,Seed broad tradition/region from entities.tradition.,SRC_THEOI_GODS,candidate_extracted
ENT_BEROE,Greek,medium,Seed broad tradition/region from entities.tradition.,SRC_THEOI_GODS,candidate_extracted
ENT_BIA,Greek,medium,Seed broad tradition/region from entities.tradition.,SRC_THEOI_GODS,candidate_extracted
ENT_BRIMO,Greek,medium,Seed broad tradition/region from entities.tradition.,SRC_THEOI_GODS,candidate_extracted
ENT_CABEIRI,Greek,medium,Seed broad tradition/region from entities.tradition.,SRC_THEOI_GODS,candidate_extracted
ENT_CADMUS,Greek,medium,Seed broad tradition/region from entities.tradition.,SRC_THEOI_GODS,candidate_extracted
ENT_CAERUS,Greek,medium,Seed broad tradition/region from entities.tradition.,SRC_THEOI_GODS,candidate_extracted
ENT_CAICUS,Greek,medium,Seed broad tradition/region from entities.tradition.,SRC_THEOI_GODS,candidate_extracted
ENT_CALLIRRHOE,Greek,medium,Seed broad tradition/region from entities.tradition.,SRC_THEOI_GODS,candidate_extracted
ENT_CALYPSO,Greek,medium,Seed broad tradition/region from entities.tradition.,SRC_THEOI_GODS,candidate_extracted
ENT_CASTOR,Greek,medium,Seed broad tradition/region from entities.tradition.,SRC_THEOI_GODS,candidate_extracted
ENT_CECROPS,Greek,medium,Seed broad tradition/region from entities.tradition.,SRC_THEOI_GODS,candidate_extracted
ENT_CEPHISSUS,Greek,medium,Seed broad tradition/region from entities.tradition.,SRC_THEOI_GODS,candidate_extracted
ENT_CETO,Greek,medium,Seed broad tradition/region from entities.tradition.,SRC_THEOI_GODS,candidate_extracted
ENT_CHAOS,Greek,medium,Seed broad tradition/region from entities.tradition.,SRC_THEOI_GODS,candidate_extracted
ENT_CHARITES,Greek,medium,Seed broad tradition/region from entities.tradition.,SRC_THEOI_GODS,candidate_extracted
ENT_CHARON,Greek,medium,Seed broad tradition/region from entities.tradition.,SRC_THEOI_GODS,candidate_extracted
ENT_CHELONE,Greek,medium,Seed broad tradition/region from entities.tradition.,SRC_THEOI_GODS,candidate_extracted
ENT_CHRONOS,Greek,medium,Seed broad tradition/region from entities.tradition.,SRC_THEOI_GODS,candidate_extracted
ENT_CLADEUS,Greek,medium,Seed broad tradition/region from entities.tradition.,SRC_THEOI_GODS,candidate_extracted
ENT_CLYMENE_OCEANID,Greek,medium,Seed broad tradition/region from entities.tradition.,SRC_THEOI_GODS,candidate_extracted
ENT_CLYMENE_TITANESS,Greek,medium,Seed broad tradition/region from entities.tradition.,SRC_THEOI_GODS,candidate_extracted
ENT_COCYTUS,Greek,medium,Seed broad tradition/region from entities.tradition.,SRC_THEOI_GODS,candidate_extracted
ENT_COEUS,Greek,medium,Seed broad tradition/region from entities.tradition.,SRC_THEOI_GODS,candidate_extracted
ENT_CORYCIA,Greek,medium,Seed broad tradition/region from entities.tradition.,SRC_THEOI_GODS,candidate_extracted
ENT_CORYCIAN_NYMPHS,Greek,medium,Seed broad tradition/region from entities.tradition.,SRC_THEOI_GODS,candidate_extracted
ENT_COTYS,Greek,medium,Seed broad tradition/region from entities.tradition.,SRC_THEOI_GODS,candidate_extracted
ENT_CRENAIAE,Greek,medium,Seed broad tradition/region from entities.tradition.,SRC_THEOI_GODS,candidate_extracted
ENT_CRIUS,Greek,medium,Seed broad tradition/region from entities.tradition.,SRC_THEOI_GODS,candidate_extracted
ENT_CRONUS,Greek,medium,Seed broad tradition/region from entities.tradition.,SRC_THEOI_GODS,candidate_extracted
ENT_CYBELE,Greek,medium,Seed broad tradition/region from entities.tradition.,SRC_THEOI_GODS,candidate_extracted
ENT_CYDNUS,Greek,medium,Seed broad tradition/region from entities.tradition.,SRC_THEOI_GODS,candidate_extracted
ENT_CYLLENE,Greek,medium,Seed broad tradition/region from entities.tradition.,SRC_THEOI_GODS,candidate_extracted
ENT_CYMODOCE,Greek,medium,Seed broad tradition/region from entities.tradition.,SRC_THEOI_GODS,candidate_extracted
ENT_CYMOTHOE,Greek,medium,Seed broad tradition/region from entities.tradition.,SRC_THEOI_GODS,candidate_extracted
ENT_CYRENE,Greek,medium,Seed broad tradition/region from entities.tradition.,SRC_THEOI_GODS,candidate_extracted
ENT_DAPHNE,Greek,medium,Seed broad tradition/region from entities.tradition.,SRC_THEOI_GODS,candidate_extracted
ENT_DEIMOS,Greek,medium,Seed broad tradition/region from entities.tradition.,SRC_THEOI_GODS,candidate_extracted
ENT_DEMETER,Eleusis,B,Promoted from v0.1 places table: mystery cult center.,SRC_THEOI_AGRICULTURE,seed_pending
ENT_DEMETER,Greek,medium,Seed broad tradition/region from entities.tradition.,SRC_THEOI_GODS,candidate_extracted
ENT_DESPOINA,Arcadia/Lycosura,B,Promoted from v0.1 places table: local mystery cult.,SRC_THEOI_AGRICULTURE,seed_pending
ENT_DESPOINA,Greek,medium,Seed broad tradition/region from entities.tradition.,SRC_THEOI_GODS,candidate_extracted
ENT_DIKAIOSYNE,Greek,medium,Seed broad tradition/region from entities.tradition.,SRC_THEOI_GODS,candidate_extracted
ENT_DIKE,Greek,medium,Seed broad tradition/region from entities.tradition.,SRC_THEOI_GODS,candidate_extracted
ENT_DIOMEDES,Greek,medium,Seed broad tradition/region from entities.tradition.,SRC_THEOI_GODS,candidate_extracted
ENT_DIONE,Greek,medium,Seed broad tradition/region from entities.tradition.,SRC_THEOI_GODS,candidate_extracted
ENT_DIONE_341,Greek,medium,Seed broad tradition/region from entities.tradition.,SRC_THEOI_GODS,candidate_extracted
ENT_DIONYSUS,Greek,medium,Seed broad tradition/region from entities.tradition.,SRC_THEOI_GODS,candidate_extracted
ENT_DIOSCURI,Greek,medium,Seed broad tradition/region from entities.tradition.,SRC_THEOI_GODS,candidate_extracted
ENT_DIRCE,Greek,medium,Seed broad tradition/region from entities.tradition.,SRC_THEOI_GODS,candidate_extracted
ENT_DOLOS,Greek,medium,Seed broad tradition/region from entities.tradition.,SRC_THEOI_GODS,candidate_extracted
ENT_DORIS,Greek,medium,Seed broad tradition/region from entities.tradition.,SRC_THEOI_GODS,candidate_extracted
ENT_DOTO,Greek,medium,Seed broad tradition/region from entities.tradition.,SRC_THEOI_GODS,candidate_extracted
ENT_DRYADS,Greek,medium,Seed broad tradition/region from entities.tradition.,SRC_THEOI_GODS,candidate_extracted
ENT_DYNAMENE,Greek,medium,Seed broad tradition/region from entities.tradition.,SRC_THEOI_GODS,candidate_extracted
ENT_DYSNOMIA,Greek,medium,Seed broad tradition/region from entities.tradition.,SRC_THEOI_GODS,candidate_extracted
ENT_ECHO,Greek,medium,Seed broad tradition/region from entities.tradition.,SRC_THEOI_GODS,candidate_extracted
ENT_EILEITHYIA,Greek,medium,Seed broad tradition/region from entities.tradition.,SRC_THEOI_GODS,candidate_extracted
ENT_EIRENE,Greek,medium,Seed broad tradition/region from entities.tradition.,SRC_THEOI_GODS,candidate_extracted
ENT_ELECTRA_OCEANID,Greek,medium,Seed broad tradition/region from entities.tradition.,SRC_THEOI_GODS,candidate_extracted
ENT_ELEOS,Greek,medium,Seed broad tradition/region from entities.tradition.,SRC_THEOI_GODS,candidate_extracted
ENT_ELPIS,Greek,medium,Seed broad tradition/region from entities.tradition.,SRC_THEOI_GODS,candidate_extracted
ENT_EMPUSA,Greek,medium,Seed broad tradition/region from entities.tradition.,SRC_THEOI_GODS,candidate_extracted
ENT_ENYO,Greek,medium,Seed broad tradition/region from entities.tradition.,SRC_THEOI_GODS,candidate_extracted
ENT_EOS,Greek,medium,Seed broad tradition/region from entities.tradition.,SRC_THEOI_GODS,candidate_extracted
ENT_EOSPHORUS,Greek,medium,Seed broad tradition/region from entities.tradition.,SRC_THEOI_GODS,candidate_extracted
ENT_EPHYRA,Greek,medium,Seed broad tradition/region from entities.tradition.,SRC_THEOI_GODS,candidate_extracted
ENT_EPIMETHEUS,Greek,medium,Seed broad tradition/region from entities.tradition.,SRC_THEOI_GODS,candidate_extracted
ENT_EPIPHRON,Greek,medium,Seed broad tradition/region from entities.tradition.,SRC_THEOI_GODS,candidate_extracted
ENT_EREBUS,Greek,medium,Seed broad tradition/region from entities.tradition.,SRC_THEOI_GODS,candidate_extracted
ENT_ERECHTHEUS,Greek,medium,Seed broad tradition/region from entities.tradition.,SRC_THEOI_GODS,candidate_extracted
ENT_ERIDANUS,Greek,medium,Seed broad tradition/region from entities.tradition.,SRC_THEOI_GODS,candidate_extracted
ENT_ERINYES,Greek,medium,Seed broad tradition/region from entities.tradition.,SRC_THEOI_GODS,candidate_extracted
ENT_ERIS,Greek,medium,Seed broad tradition/region from entities.tradition.,SRC_THEOI_GODS,candidate_extracted
ENT_EROS,Greek,medium,Seed broad tradition/region from entities.tradition.,SRC_THEOI_GODS,candidate_extracted
ENT_EROS_PRIMORDIAL,Greek,medium,Seed broad tradition/region from entities.tradition.,SRC_THEOI_GODS,candidate_extracted
ENT_ERYMANTHUS,Greek,medium,Seed broad tradition/region from entities.tradition.,SRC_THEOI_GODS,candidate_extracted
ENT_ERYTHEIA_HESPERID,Greek,medium,Seed broad tradition/region from entities.tradition.,SRC_THEOI_GODS,candidate_extracted
ENT_EUARNE,Greek,medium,Seed broad tradition/region from entities.tradition.,SRC_THEOI_GODS,candidate_extracted
ENT_EUBOULEUS,Greek,medium,Seed broad tradition/region from entities.tradition.,SRC_THEOI_GODS,candidate_extracted
ENT_EUDORA_NEREID,Greek,medium,Seed broad tradition/region from entities.tradition.,SRC_THEOI_GODS,candidate_extracted
ENT_EUNOMIA,Greek,medium,Seed broad tradition/region from entities.tradition.,SRC_THEOI_GODS,candidate_extracted
ENT_EUROTAS,Greek,medium,Seed broad tradition/region from entities.tradition.,SRC_THEOI_GODS,candidate_extracted
ENT_EURYBIA,Greek,medium,Seed broad tradition/region from entities.tradition.,SRC_THEOI_GODS,candidate_extracted
ENT_EURYBIA_SEA,Greek,medium,Seed broad tradition/region from entities.tradition.,SRC_THEOI_GODS,candidate_extracted
ENT_EURYNOME_OCEANID,Greek,medium,Seed broad tradition/region from entities.tradition.,SRC_THEOI_GODS,candidate_extracted
ENT_EURYNOME_PRIMORDIAL,Greek,medium,Seed broad tradition/region from entities.tradition.,SRC_THEOI_GODS,candidate_extracted
ENT_EURYNOMOS,Greek,medium,Seed broad tradition/region from entities.tradition.,SRC_THEOI_GODS,candidate_extracted
ENT_EUSEBEIA,Greek,medium,Seed broad tradition/region from entities.tradition.,SRC_THEOI_GODS,candidate_extracted
ENT_EVENUS,Greek,medium,Seed broad tradition/region from entities.tradition.,SRC_THEOI_GODS,candidate_extracted
ENT_GAIA,Greek,medium,Seed broad tradition/region from entities.tradition.,SRC_THEOI_GODS,candidate_extracted
ENT_GALATEA,Greek,medium,Seed broad tradition/region from entities.tradition.,SRC_THEOI_GODS,candidate_extracted
ENT_GANYMEDE,Greek,medium,Seed broad tradition/region from entities.tradition.,SRC_THEOI_GODS,candidate_extracted
ENT_GERAS,Greek,medium,Seed broad tradition/region from entities.tradition.,SRC_THEOI_GODS,candidate_extracted
ENT_GLAUCE,Greek,medium,Seed broad tradition/region from entities.tradition.,SRC_THEOI_GODS,candidate_extracted
ENT_GLAUCUS,Greek,medium,Seed broad tradition/region from entities.tradition.,SRC_THEOI_GODS,candidate_extracted
ENT_GLYCON,Abonoteichus/Ionopolis,B,Promoted from v0.1 places table: cult center.,SRC_THEOI_GODS,seed_pending
ENT_GLYCON,Greek,medium,Seed broad tradition/region from entities.tradition.,SRC_THEOI_GODS,candidate_extracted
ENT_GORGYRA,Greek,medium,Seed broad tradition/region from entities.tradition.,SRC_THEOI_GODS,candidate_extracted
ENT_GRANICUS,Greek,medium,Seed broad tradition/region from entities.tradition.,SRC_THEOI_GODS,candidate_extracted
ENT_HADES,Greek,medium,Seed broad tradition/region from entities.tradition.,SRC_THEOI_GODS,candidate_extracted
ENT_HADES_KLYMENOS,Greek,medium,Seed broad tradition/region from entities.tradition.,SRC_THEOI_GODS,candidate_extracted
ENT_HAMADRYADS,Greek,medium,Seed broad tradition/region from entities.tradition.,SRC_THEOI_GODS,candidate_extracted
ENT_HARMONIA,Greek,medium,Seed broad tradition/region from entities.tradition.,SRC_THEOI_GODS,candidate_extracted
ENT_HEBRUS,Greek,medium,Seed broad tradition/region from entities.tradition.,SRC_THEOI_GODS,candidate_extracted
ENT_HECATE,Greek,medium,Seed broad tradition/region from entities.tradition.,SRC_THEOI_GODS,candidate_extracted
ENT_HECATE,crossroads/household thresholds,B,Promoted from v0.1 places table: cult setting.,SRC_THEOI_UNDERWORLD,seed_pending
ENT_HECTOR,Greek,medium,Seed broad tradition/region from entities.tradition.,SRC_THEOI_GODS,candidate_extracted
ENT_HEDONE,Greek,medium,Seed broad tradition/region from entities.tradition.,SRC_THEOI_GODS,candidate_extracted
ENT_HELEIONOMAI,Greek,medium,Seed broad tradition/region from entities.tradition.,SRC_THEOI_GODS,candidate_extracted
ENT_HELEN,Greek,medium,Seed broad tradition/region from entities.tradition.,SRC_THEOI_GODS,candidate_extracted
ENT_HELIOS,Greek,medium,Seed broad tradition/region from entities.tradition.,SRC_THEOI_GODS,candidate_extracted
ENT_HEMERA,Greek,medium,Seed broad tradition/region from entities.tradition.,SRC_THEOI_GODS,candidate_extracted
ENT_HEPHAESTUS,Greek,medium,Seed broad tradition/region from entities.tradition.,SRC_THEOI_GODS,candidate_extracted
ENT_HERA,Greek,medium,Seed broad tradition/region from entities.tradition.,SRC_THEOI_GODS,candidate_extracted
ENT_HERACLES,Greek,medium,Seed broad tradition/region from entities.tradition.,SRC_THEOI_GODS,candidate_extracted
ENT_HERMAPHRODITUS,Greek,medium,Seed broad tradition/region from entities.tradition.,SRC_THEOI_GODS,candidate_extracted
ENT_HERMES,Greek,medium,Seed broad tradition/region from entities.tradition.,SRC_THEOI_GODS,candidate_extracted
ENT_HESPERIA_HESPERID,Greek,medium,Seed broad tradition/region from entities.tradition.,SRC_THEOI_GODS,candidate_extracted
ENT_HESPERIDES,Greek,medium,Seed broad tradition/region from entities.tradition.,SRC_THEOI_GODS,candidate_extracted
ENT_HESPERUS,Greek,medium,Seed broad tradition/region from entities.tradition.,SRC_THEOI_GODS,candidate_extracted
ENT_HESTIA,Greek,medium,Seed broad tradition/region from entities.tradition.,SRC_THEOI_GODS,candidate_extracted
ENT_HIMEROS,Greek,medium,Seed broad tradition/region from entities.tradition.,SRC_THEOI_GODS,candidate_extracted
ENT_HIPPOLYTUS,Greek,medium,Seed broad tradition/region from entities.tradition.,SRC_THEOI_GODS,candidate_extracted
ENT_HIPPONOE,Greek,medium,Seed broad tradition/region from entities.tradition.,SRC_THEOI_GODS,candidate_extracted
ENT_HOMONOIA,Greek,medium,Seed broad tradition/region from entities.tradition.,SRC_THEOI_GODS,candidate_extracted
ENT_HORAE,Greek,medium,Seed broad tradition/region from entities.tradition.,SRC_THEOI_GODS,candidate_extracted
ENT_HORKOS,Greek,medium,Seed broad tradition/region from entities.tradition.,SRC_THEOI_GODS,candidate_extracted
ENT_HYACINTHUS,Greek,medium,Seed broad tradition/region from entities.tradition.,SRC_THEOI_GODS,candidate_extracted
ENT_HYBRIS,Greek,medium,Seed broad tradition/region from entities.tradition.,SRC_THEOI_GODS,candidate_extracted
ENT_HYDROS,Greek,medium,Seed broad tradition/region from entities.tradition.,SRC_THEOI_GODS,candidate_extracted
ENT_HYPERION,Greek,medium,Seed broad tradition/region from entities.tradition.,SRC_THEOI_GODS,candidate_extracted
ENT_HYPNOS,Greek,medium,Seed broad tradition/region from entities.tradition.,SRC_THEOI_GODS,candidate_extracted
ENT_HYSMINAI,Greek,medium,Seed broad tradition/region from entities.tradition.,SRC_THEOI_GODS,candidate_extracted
ENT_IAPETUS,Greek,medium,Seed broad tradition/region from entities.tradition.,SRC_THEOI_GODS,candidate_extracted
ENT_IDAIA,Greek,medium,Seed broad tradition/region from entities.tradition.,SRC_THEOI_GODS,candidate_extracted
ENT_IDYIA,Greek,medium,Seed broad tradition/region from entities.tradition.,SRC_THEOI_GODS,candidate_extracted
ENT_ILISSUS,Greek,medium,Seed broad tradition/region from entities.tradition.,SRC_THEOI_GODS,candidate_extracted
ENT_INACHUS,Greek,medium,Seed broad tradition/region from entities.tradition.,SRC_THEOI_GODS,candidate_extracted
ENT_INO_LEUCOTHEA,Greek,medium,Seed broad tradition/region from entities.tradition.,SRC_THEOI_GODS,candidate_extracted
ENT_IOKE,Greek,medium,Seed broad tradition/region from entities.tradition.,SRC_THEOI_GODS,candidate_extracted
ENT_ION,Greek,medium,Seed broad tradition/region from entities.tradition.,SRC_THEOI_GODS,candidate_extracted
ENT_IPHIGENIA,Greek,medium,Seed broad tradition/region from entities.tradition.,SRC_THEOI_GODS,candidate_extracted
ENT_IRIS,Greek,medium,Seed broad tradition/region from entities.tradition.,SRC_THEOI_GODS,candidate_extracted
ENT_ISMENUS,Greek,medium,Seed broad tradition/region from entities.tradition.,SRC_THEOI_GODS,candidate_extracted
ENT_JASON,Greek,medium,Seed broad tradition/region from entities.tradition.,SRC_THEOI_GODS,candidate_extracted
ENT_KAIROS,Greek,medium,Seed broad tradition/region from entities.tradition.,SRC_THEOI_GODS,candidate_extracted
ENT_KAKIA,Greek,medium,Seed broad tradition/region from entities.tradition.,SRC_THEOI_GODS,candidate_extracted
ENT_KALLIGENEIA,Greek,medium,Seed broad tradition/region from entities.tradition.,SRC_THEOI_GODS,candidate_extracted
ENT_KER,Greek,medium,Seed broad tradition/region from entities.tradition.,SRC_THEOI_GODS,candidate_extracted
ENT_KERES,Greek,medium,Seed broad tradition/region from entities.tradition.,SRC_THEOI_GODS,candidate_extracted
ENT_KORYBANTES,Greek,medium,Seed broad tradition/region from entities.tradition.,SRC_THEOI_GODS,candidate_extracted
ENT_KOURETES,Greek,medium,Seed broad tradition/region from entities.tradition.,SRC_THEOI_GODS,candidate_extracted
ENT_KOUROTROPHOS,Greek,medium,Seed broad tradition/region from entities.tradition.,SRC_THEOI_GODS,candidate_extracted
ENT_KRATOS,Greek,medium,Seed broad tradition/region from entities.tradition.,SRC_THEOI_GODS,candidate_extracted
ENT_KYDOIMOS,Greek,medium,Seed broad tradition/region from entities.tradition.,SRC_THEOI_GODS,candidate_extracted
ENT_LADON,Greek,medium,Seed broad tradition/region from entities.tradition.,SRC_THEOI_GODS,candidate_extracted
ENT_LAMPADES,Greek,medium,Seed broad tradition/region from entities.tradition.,SRC_THEOI_GODS,candidate_extracted
ENT_LEIMAKIDES,Greek,medium,Seed broad tradition/region from entities.tradition.,SRC_THEOI_GODS,candidate_extracted
ENT_LETHE,Greek,medium,Seed broad tradition/region from entities.tradition.,SRC_THEOI_GODS,candidate_extracted
ENT_LETHE_151,Greek,medium,Seed broad tradition/region from entities.tradition.,SRC_THEOI_GODS,candidate_extracted
ENT_LETO,Greek,medium,Seed broad tradition/region from entities.tradition.,SRC_THEOI_GODS,candidate_extracted
ENT_LEUCE,Greek,medium,Seed broad tradition/region from entities.tradition.,SRC_THEOI_GODS,candidate_extracted
ENT_LEUCOTHEA,Greek,medium,Seed broad tradition/region from entities.tradition.,SRC_THEOI_GODS,candidate_extracted
ENT_LIMNADES,Greek,medium,Seed broad tradition/region from entities.tradition.,SRC_THEOI_GODS,candidate_extracted
ENT_LIMOS,Greek,medium,Seed broad tradition/region from entities.tradition.,SRC_THEOI_GODS,candidate_extracted
ENT_LITAE,Greek,medium,Seed broad tradition/region from entities.tradition.,SRC_THEOI_GODS,candidate_extracted
ENT_LYSSA,Greek,medium,Seed broad tradition/region from entities.tradition.,SRC_THEOI_GODS,candidate_extracted
ENT_MACARIA,Greek,medium,Seed broad tradition/region from entities.tradition.,SRC_THEOI_GODS,candidate_extracted
ENT_MACHAI,Greek,medium,Seed broad tradition/region from entities.tradition.,SRC_THEOI_GODS,candidate_extracted
ENT_MAEANDER,Greek,medium,Seed broad tradition/region from entities.tradition.,SRC_THEOI_GODS,candidate_extracted
ENT_MAENADS,Greek,medium,Seed broad tradition/region from entities.tradition.,SRC_THEOI_GODS,candidate_extracted
ENT_MAIA,Greek,medium,Seed broad tradition/region from entities.tradition.,SRC_THEOI_GODS,candidate_extracted
ENT_MANIA,Greek,medium,Seed broad tradition/region from entities.tradition.,SRC_THEOI_GODS,candidate_extracted
ENT_MEDEA,Greek,medium,Seed broad tradition/region from entities.tradition.,SRC_THEOI_GODS,candidate_extracted
ENT_MELEAGER,Greek,medium,Seed broad tradition/region from entities.tradition.,SRC_THEOI_GODS,candidate_extracted
ENT_MELES,Greek,medium,Seed broad tradition/region from entities.tradition.,SRC_THEOI_GODS,candidate_extracted
ENT_MELIA,Greek,medium,Seed broad tradition/region from entities.tradition.,SRC_THEOI_GODS,candidate_extracted
ENT_MELIAE,Greek,medium,Seed broad tradition/region from entities.tradition.,SRC_THEOI_GODS,candidate_extracted
ENT_MELICERTES_PALAEMON,Greek,medium,Seed broad tradition/region from entities.tradition.,SRC_THEOI_GODS,candidate_extracted
ENT_MELINOE,Greek,medium,Seed broad tradition/region from entities.tradition.,SRC_THEOI_GODS,candidate_extracted
ENT_MELITE,Greek,medium,Seed broad tradition/region from entities.tradition.,SRC_THEOI_GODS,candidate_extracted
ENT_MEMNON,Greek,medium,Seed broad tradition/region from entities.tradition.,SRC_THEOI_GODS,candidate_extracted
ENT_MENELAUS,Greek,medium,Seed broad tradition/region from entities.tradition.,SRC_THEOI_GODS,candidate_extracted
ENT_MENOETIUS,Greek,medium,Seed broad tradition/region from entities.tradition.,SRC_THEOI_GODS,candidate_extracted
ENT_METIS,Greek,medium,Seed broad tradition/region from entities.tradition.,SRC_THEOI_GODS,candidate_extracted
ENT_MINOS,Greek,medium,Seed broad tradition/region from entities.tradition.,SRC_THEOI_GODS,candidate_extracted
ENT_MINOS_HERO,Greek,medium,Seed broad tradition/region from entities.tradition.,SRC_THEOI_GODS,candidate_extracted
ENT_MINTHE,Greek,medium,Seed broad tradition/region from entities.tradition.,SRC_THEOI_GODS,candidate_extracted
ENT_MNEMOSYNE,Greek,medium,Seed broad tradition/region from entities.tradition.,SRC_THEOI_GODS,candidate_extracted
ENT_MOIRAI,Greek,medium,Seed broad tradition/region from entities.tradition.,SRC_THEOI_GODS,candidate_extracted
ENT_MOIRAI_85,Greek,medium,Seed broad tradition/region from entities.tradition.,SRC_THEOI_GODS,candidate_extracted
ENT_MOMOS,Greek,medium,Seed broad tradition/region from entities.tradition.,SRC_THEOI_GODS,candidate_extracted
ENT_MOMUS,Greek,medium,Seed broad tradition/region from entities.tradition.,SRC_THEOI_GODS,candidate_extracted
ENT_MOPSUS,Greek,medium,Seed broad tradition/region from entities.tradition.,SRC_THEOI_GODS,candidate_extracted
ENT_MORMOLYKEIA,Greek,medium,Seed broad tradition/region from entities.tradition.,SRC_THEOI_GODS,candidate_extracted
ENT_MOROS,Greek,medium,Seed broad tradition/region from entities.tradition.,SRC_THEOI_GODS,candidate_extracted
ENT_MOROS_158,Greek,medium,Seed broad tradition/region from entities.tradition.,SRC_THEOI_GODS,candidate_extracted
ENT_MORPHEUS,Greek,medium,Seed broad tradition/region from entities.tradition.,SRC_THEOI_GODS,candidate_extracted
ENT_MUSES,Greek,medium,Seed broad tradition/region from entities.tradition.,SRC_THEOI_GODS,candidate_extracted
ENT_MUSES_HELICONIAN,Greek,medium,Seed broad tradition/region from entities.tradition.,SRC_THEOI_GODS,candidate_extracted
ENT_M_N,Greek,medium,Seed broad tradition/region from entities.tradition.,SRC_THEOI_GODS,candidate_extracted
ENT_NAIADS,Greek,medium,Seed broad tradition/region from entities.tradition.,SRC_THEOI_GODS,candidate_extracted
ENT_NAPAEAE,Greek,medium,Seed broad tradition/region from entities.tradition.,SRC_THEOI_GODS,candidate_extracted
ENT_NEDA,Greek,medium,Seed broad tradition/region from entities.tradition.,SRC_THEOI_GODS,candidate_extracted
ENT_NEIKEA,Greek,medium,Seed broad tradition/region from entities.tradition.,SRC_THEOI_GODS,candidate_extracted
ENT_NEMESIS,Greek,medium,Seed broad tradition/region from entities.tradition.,SRC_THEOI_GODS,candidate_extracted
ENT_NEPHELAE,Greek,medium,Seed broad tradition/region from entities.tradition.,SRC_THEOI_GODS,candidate_extracted
ENT_NEREIDS,Greek,medium,Seed broad tradition/region from entities.tradition.,SRC_THEOI_GODS,candidate_extracted
ENT_NEREUS,Greek,medium,Seed broad tradition/region from entities.tradition.,SRC_THEOI_GODS,candidate_extracted
ENT_NESO,Greek,medium,Seed broad tradition/region from entities.tradition.,SRC_THEOI_GODS,candidate_extracted
ENT_NESOI,Greek,medium,Seed broad tradition/region from entities.tradition.,SRC_THEOI_GODS,candidate_extracted
ENT_NESSUS,Greek,medium,Seed broad tradition/region from entities.tradition.,SRC_THEOI_GODS,candidate_extracted
ENT_NIKE,Greek,medium,Seed broad tradition/region from entities.tradition.,SRC_THEOI_GODS,candidate_extracted
ENT_NIKE_159,Greek,medium,Seed broad tradition/region from entities.tradition.,SRC_THEOI_GODS,candidate_extracted
ENT_NILE,Greek,medium,Seed broad tradition/region from entities.tradition.,SRC_THEOI_GODS,candidate_extracted
ENT_NOMOS,Greek,medium,Seed broad tradition/region from entities.tradition.,SRC_THEOI_GODS,candidate_extracted
ENT_NYX,Greek,medium,Seed broad tradition/region from entities.tradition.,SRC_THEOI_GODS,candidate_extracted
ENT_OCEANIDS,Greek,medium,Seed broad tradition/region from entities.tradition.,SRC_THEOI_GODS,candidate_extracted
ENT_OCEANUS,Greek,medium,Seed broad tradition/region from entities.tradition.,SRC_THEOI_GODS,candidate_extracted
ENT_ODYSSEUS,Greek,medium,Seed broad tradition/region from entities.tradition.,SRC_THEOI_GODS,candidate_extracted
ENT_OENOMAUS,Greek,medium,Seed broad tradition/region from entities.tradition.,SRC_THEOI_GODS,candidate_extracted
ENT_OIZYS,Greek,medium,Seed broad tradition/region from entities.tradition.,SRC_THEOI_GODS,candidate_extracted
ENT_ONEIROI,Greek,medium,Seed broad tradition/region from entities.tradition.,SRC_THEOI_GODS,candidate_extracted
ENT_OPHION,Greek,medium,Seed broad tradition/region from entities.tradition.,SRC_THEOI_GODS,candidate_extracted
ENT_OREADS,Greek,medium,Seed broad tradition/region from entities.tradition.,SRC_THEOI_GODS,candidate_extracted
ENT_ORESTES,Greek,medium,Seed broad tradition/region from entities.tradition.,SRC_THEOI_GODS,candidate_extracted
ENT_ORPHEUS,Greek,medium,Seed broad tradition/region from entities.tradition.,SRC_THEOI_GODS,candidate_extracted
ENT_ORPHNE,Greek,medium,Seed broad tradition/region from entities.tradition.,SRC_THEOI_GODS,candidate_extracted
ENT_OUREA,Greek,medium,Seed broad tradition/region from entities.tradition.,SRC_THEOI_GODS,candidate_extracted
ENT_PALAEMON,Greek,medium,Seed broad tradition/region from entities.tradition.,SRC_THEOI_GODS,candidate_extracted
ENT_PALIOXIS,Greek,medium,Seed broad tradition/region from entities.tradition.,SRC_THEOI_GODS,candidate_extracted
ENT_PALLAS_TITAN,Greek,medium,Seed broad tradition/region from entities.tradition.,SRC_THEOI_GODS,candidate_extracted
ENT_PAN,Greek,medium,Seed broad tradition/region from entities.tradition.,SRC_THEOI_GODS,candidate_extracted
ENT_PARTHENIUS,Greek,medium,Seed broad tradition/region from entities.tradition.,SRC_THEOI_GODS,candidate_extracted
ENT_PEGAEAE,Greek,medium,Seed broad tradition/region from entities.tradition.,SRC_THEOI_GODS,candidate_extracted
ENT_PEITHO,Greek,medium,Seed broad tradition/region from entities.tradition.,SRC_THEOI_GODS,candidate_extracted
ENT_PEITHO_OCEANID,Greek,medium,Seed broad tradition/region from entities.tradition.,SRC_THEOI_GODS,candidate_extracted
ENT_PELOPS,Greek,medium,Seed broad tradition/region from entities.tradition.,SRC_THEOI_GODS,candidate_extracted
ENT_PENEUS,Greek,medium,Seed broad tradition/region from entities.tradition.,SRC_THEOI_GODS,candidate_extracted
ENT_PENIA,Greek,medium,Seed broad tradition/region from entities.tradition.,SRC_THEOI_GODS,candidate_extracted
ENT_PERSEIS,Greek,medium,Seed broad tradition/region from entities.tradition.,SRC_THEOI_GODS,candidate_extracted
ENT_PERSEPHONE,Eleusis,B,Promoted from v0.1 places table: mystery cult center.,SRC_THEOI_AGRICULTURE,seed_pending
ENT_PERSEPHONE,Greek,medium,Seed broad tradition/region from entities.tradition.,SRC_THEOI_GODS,candidate_extracted
ENT_PERSES_TITAN,Greek,medium,Seed broad tradition/region from entities.tradition.,SRC_THEOI_GODS,candidate_extracted
ENT_PERSEUS,Greek,medium,Seed broad tradition/region from entities.tradition.,SRC_THEOI_GODS,candidate_extracted
ENT_PHANES,Greek,medium,Seed broad tradition/region from entities.tradition.,SRC_THEOI_GODS,candidate_extracted
ENT_PHANTASOS,Greek,medium,Seed broad tradition/region from entities.tradition.,SRC_THEOI_GODS,candidate_extracted
ENT_PHASIS,Greek,medium,Seed broad tradition/region from entities.tradition.,SRC_THEOI_GODS,candidate_extracted
ENT_PHEME,Greek,medium,Seed broad tradition/region from entities.tradition.,SRC_THEOI_GODS,candidate_extracted
ENT_PHERUSA,Greek,medium,Seed broad tradition/region from entities.tradition.,SRC_THEOI_GODS,candidate_extracted
ENT_PHILOTES,Greek,medium,Seed broad tradition/region from entities.tradition.,SRC_THEOI_GODS,candidate_extracted
ENT_PHLEGETHON,Greek,medium,Seed broad tradition/region from entities.tradition.,SRC_THEOI_GODS,candidate_extracted
ENT_PHOBETOR,Greek,medium,Seed broad tradition/region from entities.tradition.,SRC_THEOI_GODS,candidate_extracted
ENT_PHOBOS,Greek,medium,Seed broad tradition/region from entities.tradition.,SRC_THEOI_GODS,candidate_extracted
ENT_PHOEBE,Greek,medium,Seed broad tradition/region from entities.tradition.,SRC_THEOI_GODS,candidate_extracted
ENT_PHOEBE_AT_DELPHI,Greek,medium,Seed broad tradition/region from entities.tradition.,SRC_THEOI_GODS,candidate_extracted
ENT_PHORCYS,Greek,medium,Seed broad tradition/region from entities.tradition.,SRC_THEOI_GODS,candidate_extracted
ENT_PHYSIS,Greek,medium,Seed broad tradition/region from entities.tradition.,SRC_THEOI_GODS,candidate_extracted
ENT_PLEIONE,Greek,medium,Seed broad tradition/region from entities.tradition.,SRC_THEOI_GODS,candidate_extracted
ENT_PLOUTON,Greek,medium,Seed broad tradition/region from entities.tradition.,SRC_THEOI_GODS,candidate_extracted
ENT_PLUTUS,Greek,medium,Seed broad tradition/region from entities.tradition.,SRC_THEOI_GODS,candidate_extracted
ENT_POINE,Greek,medium,Seed broad tradition/region from entities.tradition.,SRC_THEOI_GODS,candidate_extracted
ENT_POLYDEUCES,Greek,medium,Seed broad tradition/region from entities.tradition.,SRC_THEOI_GODS,candidate_extracted
ENT_PONOS,Greek,medium,Seed broad tradition/region from entities.tradition.,SRC_THEOI_GODS,candidate_extracted
ENT_PONTUS,Greek,medium,Seed broad tradition/region from entities.tradition.,SRC_THEOI_GODS,candidate_extracted
ENT_POROS,Greek,medium,Seed broad tradition/region from entities.tradition.,SRC_THEOI_GODS,candidate_extracted
ENT_POSEIDON,Greek,medium,Seed broad tradition/region from entities.tradition.,SRC_THEOI_GODS,candidate_extracted
ENT_POTAMEIDES,Greek,medium,Seed broad tradition/region from entities.tradition.,SRC_THEOI_GODS,candidate_extracted
ENT_POTHOS,Greek,medium,Seed broad tradition/region from entities.tradition.,SRC_THEOI_GODS,candidate_extracted
ENT_PRAXIS,Greek,medium,Seed broad tradition/region from entities.tradition.,SRC_THEOI_GODS,candidate_extracted
ENT_PRIAPUS,Greek,medium,Seed broad tradition/region from entities.tradition.,SRC_THEOI_GODS,candidate_extracted
ENT_PROIOXIS,Greek,medium,Seed broad tradition/region from entities.tradition.,SRC_THEOI_GODS,candidate_extracted
ENT_PROMETHEUS,Greek,medium,Seed broad tradition/region from entities.tradition.,SRC_THEOI_GODS,candidate_extracted
ENT_PROTESILAUS,Greek,medium,Seed broad tradition/region from entities.tradition.,SRC_THEOI_GODS,candidate_extracted
ENT_PROTEUS,Greek,medium,Seed broad tradition/region from entities.tradition.,SRC_THEOI_GODS,candidate_extracted
ENT_PROTO,Greek,medium,Seed broad tradition/region from entities.tradition.,SRC_THEOI_GODS,candidate_extracted
ENT_PSAMATHE,Greek,medium,Seed broad tradition/region from entities.tradition.,SRC_THEOI_GODS,candidate_extracted
ENT_PSEUDOLOGOI,Greek,medium,Seed broad tradition/region from entities.tradition.,SRC_THEOI_GODS,candidate_extracted
ENT_PSYCHE,Greek,medium,Seed broad tradition/region from entities.tradition.,SRC_THEOI_GODS,candidate_extracted
ENT_PYLADES,Greek,medium,Seed broad tradition/region from entities.tradition.,SRC_THEOI_GODS,candidate_extracted
ENT_PYTHON,Delphi,B,Promoted from v0.1 places table: oracle mythic site.,SRC_THEOI_UNDERWORLD,seed_pending
ENT_PYTHON,Greek,medium,Seed broad tradition/region from entities.tradition.,SRC_THEOI_GODS,candidate_extracted
ENT_RHADAMANTHYS,Greek,medium,Seed broad tradition/region from entities.tradition.,SRC_THEOI_GODS,candidate_extracted
ENT_RHADAMANTHYS_HERO,Greek,medium,Seed broad tradition/region from entities.tradition.,SRC_THEOI_GODS,candidate_extracted
ENT_RHEA,Greek,medium,Seed broad tradition/region from entities.tradition.,SRC_THEOI_GODS,candidate_extracted
ENT_RHESUS_RIVER,Greek,medium,Seed broad tradition/region from entities.tradition.,SRC_THEOI_GODS,candidate_extracted
ENT_SABAZIOS,Greek,medium,Seed broad tradition/region from entities.tradition.,SRC_THEOI_GODS,candidate_extracted
ENT_SALMACIS,Greek,medium,Seed broad tradition/region from entities.tradition.,SRC_THEOI_GODS,candidate_extracted
ENT_SANGARIUS,Greek,medium,Seed broad tradition/region from entities.tradition.,SRC_THEOI_GODS,candidate_extracted
ENT_SAO,Greek,medium,Seed broad tradition/region from entities.tradition.,SRC_THEOI_GODS,candidate_extracted
ENT_SATNIOEIS,Greek,medium,Seed broad tradition/region from entities.tradition.,SRC_THEOI_GODS,candidate_extracted
ENT_SCAMANDER,Greek,medium,Seed broad tradition/region from entities.tradition.,SRC_THEOI_GODS,candidate_extracted
ENT_SELENE,Greek,medium,Seed broad tradition/region from entities.tradition.,SRC_THEOI_GODS,candidate_extracted
ENT_SIMOEIS,Greek,medium,Seed broad tradition/region from entities.tradition.,SRC_THEOI_GODS,candidate_extracted
ENT_SOPHROSYNE,Greek,medium,Seed broad tradition/region from entities.tradition.,SRC_THEOI_GODS,candidate_extracted
ENT_SOTER,Greek,medium,Seed broad tradition/region from entities.tradition.,SRC_THEOI_GODS,candidate_extracted
ENT_SOTERIA,Greek,medium,Seed broad tradition/region from entities.tradition.,SRC_THEOI_GODS,candidate_extracted
ENT_SPEIO,Greek,medium,Seed broad tradition/region from entities.tradition.,SRC_THEOI_GODS,candidate_extracted
ENT_SPERCHEIOS,Greek,medium,Seed broad tradition/region from entities.tradition.,SRC_THEOI_GODS,candidate_extracted
ENT_STRYMON,Greek,medium,Seed broad tradition/region from entities.tradition.,SRC_THEOI_GODS,candidate_extracted
ENT_STYX,Greek,medium,Seed broad tradition/region from entities.tradition.,SRC_THEOI_GODS,candidate_extracted
ENT_SYRINX,Greek,medium,Seed broad tradition/region from entities.tradition.,SRC_THEOI_GODS,candidate_extracted
ENT_TARTARUS,Greek,medium,Seed broad tradition/region from entities.tradition.,SRC_THEOI_GODS,candidate_extracted
ENT_TECHNE,Greek,medium,Seed broad tradition/region from entities.tradition.,SRC_THEOI_GODS,candidate_extracted
ENT_TETHYS,Greek,medium,Seed broad tradition/region from entities.tradition.,SRC_THEOI_GODS,candidate_extracted
ENT_THALASSA,Greek,medium,Seed broad tradition/region from entities.tradition.,SRC_THEOI_GODS,candidate_extracted
ENT_THALIA_NEREID,Greek,medium,Seed broad tradition/region from entities.tradition.,SRC_THEOI_GODS,candidate_extracted
ENT_THANATOS,Greek,medium,Seed broad tradition/region from entities.tradition.,SRC_THEOI_GODS,candidate_extracted
ENT_THANATOS_173,Greek,medium,Seed broad tradition/region from entities.tradition.,SRC_THEOI_GODS,candidate_extracted
ENT_THAUMAS,Greek,medium,Seed broad tradition/region from entities.tradition.,SRC_THEOI_GODS,candidate_extracted
ENT_THEIA,Greek,medium,Seed broad tradition/region from entities.tradition.,SRC_THEOI_GODS,candidate_extracted
ENT_THEMIS,Greek,medium,Seed broad tradition/region from entities.tradition.,SRC_THEOI_GODS,candidate_extracted
ENT_THEMIS_174,Greek,medium,Seed broad tradition/region from entities.tradition.,SRC_THEOI_GODS,candidate_extracted
ENT_THEMIS_AT_DELPHI,Greek,medium,Seed broad tradition/region from entities.tradition.,SRC_THEOI_GODS,candidate_extracted
ENT_THERMODON,Greek,medium,Seed broad tradition/region from entities.tradition.,SRC_THEOI_GODS,candidate_extracted
ENT_THESEUS,Greek,medium,Seed broad tradition/region from entities.tradition.,SRC_THEOI_GODS,candidate_extracted
ENT_THESIS,Greek,medium,Seed broad tradition/region from entities.tradition.,SRC_THEOI_GODS,candidate_extracted
ENT_THETIS,Greek,medium,Seed broad tradition/region from entities.tradition.,SRC_THEOI_GODS,candidate_extracted
ENT_THRASOS,Greek,medium,Seed broad tradition/region from entities.tradition.,SRC_THEOI_GODS,candidate_extracted
ENT_THYIADS,Greek,medium,Seed broad tradition/region from entities.tradition.,SRC_THEOI_GODS,candidate_extracted
ENT_TITARESIUS,Greek,medium,Seed broad tradition/region from entities.tradition.,SRC_THEOI_GODS,candidate_extracted
ENT_TITHONUS,Greek,medium,Seed broad tradition/region from entities.tradition.,SRC_THEOI_GODS,candidate_extracted
ENT_TRIPTOLEMUS,Greek,medium,Seed broad tradition/region from entities.tradition.,SRC_THEOI_GODS,candidate_extracted
ENT_TRITON,Greek,medium,Seed broad tradition/region from entities.tradition.,SRC_THEOI_GODS,candidate_extracted
ENT_TROPHONIUS,Greek,medium,Seed broad tradition/region from entities.tradition.,SRC_THEOI_GODS,candidate_extracted
ENT_TROPHONIUS,Lebadeia,B,Promoted from v0.1 places table: oracle/cave.,SRC_THEOI_DEIFIED,seed_pending
ENT_TYCHE,Greek,medium,Seed broad tradition/region from entities.tradition.,SRC_THEOI_GODS,candidate_extracted
ENT_TYCHE_176,Greek,medium,Seed broad tradition/region from entities.tradition.,SRC_THEOI_GODS,candidate_extracted
ENT_TYCHE_OCEANID,Greek,medium,Seed broad tradition/region from entities.tradition.,SRC_THEOI_GODS,candidate_extracted
ENT_URANUS,Greek,medium,Seed broad tradition/region from entities.tradition.,SRC_THEOI_GODS,candidate_extracted
ENT_XANTHUS,Greek,medium,Seed broad tradition/region from entities.tradition.,SRC_THEOI_GODS,candidate_extracted
ENT_ZAGREUS,Greek,medium,Seed broad tradition/region from entities.tradition.,SRC_THEOI_GODS,candidate_extracted
ENT_ZELOS,Greek,medium,Seed broad tradition/region from entities.tradition.,SRC_THEOI_GODS,candidate_extracted
ENT_ZEUS,Greek,medium,Seed broad tradition/region from entities.tradition.,SRC_THEOI_GODS,candidate_extracted
