entity_id,source_id,evidence_type,source_note
ENT_CHAOS,SRC_THEOI_GODS,index attestation,Literary attestation in classical/mythographic tradition; cult evidence varies by entity.
ENT_GAIA,SRC_THEOI_GODS,index attestation,Literary attestation in classical/mythographic tradition; cult evidence varies by entity.
ENT_URANUS,SRC_THEOI_GODS,index attestation,Literary attestation in classical/mythographic tradition; cult evidence varies by entity.
ENT_PONTUS,SRC_THEOI_GODS,index attestation,Literary attestation in classical/mythographic tradition; cult evidence varies by entity.
ENT_TARTARUS,SRC_THEOI_GODS,index attestation,Literary attestation in classical/mythographic tradition; cult evidence varies by entity.
ENT_EREBUS,SRC_THEOI_GODS,index attestation,Literary attestation in classical/mythographic tradition; cult evidence varies by entity.
ENT_NYX,SRC_THEOI_GODS,index attestation,Literary attestation in classical/mythographic tradition; cult evidence varies by entity.
ENT_HEMERA,SRC_THEOI_GODS,index attestation,Literary attestation in classical/mythographic tradition; cult evidence varies by entity.
ENT_AETHER,SRC_THEOI_GODS,index attestation,Literary attestation in classical/mythographic tradition; cult evidence varies by entity.
ENT_EROS_PRIMORDIAL,SRC_THEOI_GODS,index attestation,Literary attestation in classical/mythographic tradition; cult evidence varies by entity.
ENT_ANANKE,SRC_THEOI_GODS,index attestation,Literary attestation in classical/mythographic tradition; cult evidence varies by entity.
ENT_CHRONOS,SRC_THEOI_GODS,index attestation,Literary attestation in classical/mythographic tradition; cult evidence varies by entity.
ENT_PHANES,SRC_THEOI_GODS,index attestation,Literary attestation in classical/mythographic tradition; cult evidence varies by entity.
ENT_THESIS,SRC_THEOI_GODS,index attestation,Literary attestation in classical/mythographic tradition; cult evidence varies by entity.
ENT_HYDROS,SRC_THEOI_GODS,index attestation,Literary attestation in classical/mythographic tradition; cult evidence varies by entity.
ENT_PHYSIS,SRC_THEOI_GODS,index attestation,Literary attestation in classical/mythographic tradition; cult evidence varies by entity.
ENT_OUREA,SRC_THEOI_GODS,index attestation,Literary attestation in classical/mythographic tradition; cult evidence varies by entity.
ENT_NESOI,SRC_THEOI_GODS,index attestation,Literary attestation in classical/mythographic tradition; cult evidence varies by entity.
ENT_THALASSA,SRC_THEOI_GODS,index attestation,Literary attestation in classical/mythographic tradition; cult evidence varies by entity.
ENT_OPHION,SRC_THEOI_GODS,index attestation,Literary attestation in classical/mythographic tradition; cult evidence varies by entity.
ENT_EURYNOME_PRIMORDIAL,SRC_THEOI_GODS,index attestation,Literary attestation in classical/mythographic tradition; cult evidence varies by entity.
ENT_MOROS,SRC_THEOI_GODS,index attestation,Literary attestation in classical/mythographic tradition; cult evidence varies by entity.
ENT_KER,SRC_THEOI_GODS,index attestation,Literary attestation in classical/mythographic tradition; cult evidence varies by entity.
ENT_MOIRAI,SRC_THEOI_GODS,index attestation,Literary attestation in classical/mythographic tradition; cult evidence varies by entity.
ENT_HESPERUS,SRC_THEOI_GODS,index attestation,Literary attestation in classical/mythographic tradition; cult evidence varies by entity.
ENT_EOSPHORUS,SRC_THEOI_GODS,index attestation,Literary attestation in classical/mythographic tradition; cult evidence varies by entity.
ENT_SELENE,SRC_THEOI_GODS,index attestation,Literary attestation in classical/mythographic tradition; cult evidence varies by entity.
ENT_HELIOS,SRC_THEOI_GODS,index attestation,Literary attestation in classical/mythographic tradition; cult evidence varies by entity.
ENT_EOS,SRC_THEOI_GODS,index attestation,Literary attestation in classical/mythographic tradition; cult evidence varies by entity.
ENT_CRONUS,SRC_THEOI_GODS,index attestation,Literary attestation in classical/mythographic tradition; cult evidence varies by entity.
ENT_RHEA,SRC_THEOI_GODS,index attestation,Literary attestation in classical/mythographic tradition; cult evidence varies by entity.
ENT_OCEANUS,SRC_THEOI_GODS,index attestation,Literary attestation in classical/mythographic tradition; cult evidence varies by entity.
ENT_TETHYS,SRC_THEOI_GODS,index attestation,Literary attestation in classical/mythographic tradition; cult evidence varies by entity.
ENT_HYPERION,SRC_THEOI_GODS,index attestation,Literary attestation in classical/mythographic tradition; cult evidence varies by entity.
ENT_THEIA,SRC_THEOI_GODS,index attestation,Literary attestation in classical/mythographic tradition; cult evidence varies by entity.
ENT_COEUS,SRC_THEOI_GODS,index attestation,Literary attestation in classical/mythographic tradition; cult evidence varies by entity.
ENT_PHOEBE,SRC_THEOI_GODS,index attestation,Literary attestation in classical/mythographic tradition; cult evidence varies by entity.
ENT_CRIUS,SRC_THEOI_GODS,index attestation,Literary attestation in classical/mythographic tradition; cult evidence varies by entity.
ENT_EURYBIA,SRC_THEOI_GODS,index attestation,Literary attestation in classical/mythographic tradition; cult evidence varies by entity.
ENT_IAPETUS,SRC_THEOI_GODS,index attestation,Literary attestation in classical/mythographic tradition; cult evidence varies by entity.
ENT_CLYMENE_TITANESS,SRC_THEOI_GODS,index attestation,Literary attestation in classical/mythographic tradition; cult evidence varies by entity.
ENT_MNEMOSYNE,SRC_THEOI_GODS,index attestation,Literary attestation in classical/mythographic tradition; cult evidence varies by entity.
ENT_THEMIS,SRC_THEOI_GODS,index attestation,Literary attestation in classical/mythographic tradition; cult evidence varies by entity.
ENT_ASTERIA,SRC_THEOI_GODS,index attestation,Literary attestation in classical/mythographic tradition; cult evidence varies by entity.
ENT_LETO,SRC_THEOI_GODS,index attestation,Literary attestation in classical/mythographic tradition; cult evidence varies by entity.
ENT_ATLAS,SRC_THEOI_GODS,index attestation,Literary attestation in classical/mythographic tradition; cult evidence varies by entity.
ENT_PROMETHEUS,SRC_THEOI_GODS,index attestation,Literary attestation in classical/mythographic tradition; cult evidence varies by entity.
ENT_EPIMETHEUS,SRC_THEOI_GODS,index attestation,Literary attestation in classical/mythographic tradition; cult evidence varies by entity.
ENT_MENOETIUS,SRC_THEOI_GODS,index attestation,Literary attestation in classical/mythographic tradition; cult evidence varies by entity.
ENT_PERSES_TITAN,SRC_THEOI_GODS,index attestation,Literary attestation in classical/mythographic tradition; cult evidence varies by entity.
ENT_PALLAS_TITAN,SRC_THEOI_GODS,index attestation,Literary attestation in classical/mythographic tradition; cult evidence varies by entity.
ENT_ASTRAEUS,SRC_THEOI_GODS,index attestation,Literary attestation in classical/mythographic tradition; cult evidence varies by entity.
ENT_DIONE,SRC_THEOI_GODS,index attestation,Literary attestation in classical/mythographic tradition; cult evidence varies by entity.
ENT_ZEUS,SRC_THEOI_GODS,index attestation,Literary attestation in classical/mythographic tradition; cult evidence varies by entity.
ENT_HERA,SRC_THEOI_GODS,index attestation,Literary attestation in classical/mythographic tradition; cult evidence varies by entity.
ENT_POSEIDON,SRC_THEOI_GODS,index attestation,Literary attestation in classical/mythographic tradition; cult evidence varies by entity.
ENT_DEMETER,SRC_THEOI_AGRICULTURE,index attestation,Literary attestation in classical/mythographic tradition; cult evidence varies by entity.
ENT_PERSEPHONE,SRC_THEOI_UNDERWORLD,index attestation,Literary attestation in classical/mythographic tradition; cult evidence varies by entity.
ENT_HADES,SRC_THEOI_UNDERWORLD,index attestation,Literary attestation in classical/mythographic tradition; cult evidence varies by entity.
ENT_PLOUTON,SRC_THEOI_UNDERWORLD,index attestation,Literary attestation in classical/mythographic tradition; cult evidence varies by entity.
ENT_ATHENA,SRC_THEOI_GODS,index attestation,Literary attestation in classical/mythographic tradition; cult evidence varies by entity.
ENT_APOLLO,SRC_THEOI_GODS,index attestation,Literary attestation in classical/mythographic tradition; cult evidence varies by entity.
ENT_ARTEMIS,SRC_THEOI_GODS,index attestation,Literary attestation in classical/mythographic tradition; cult evidence varies by entity.
ENT_ARES,SRC_THEOI_GODS,index attestation,Literary attestation in classical/mythographic tradition; cult evidence varies by entity.
ENT_APHRODITE,SRC_THEOI_GODS,index attestation,Literary attestation in classical/mythographic tradition; cult evidence varies by entity.
ENT_HEPHAESTUS,SRC_THEOI_GODS,index attestation,Literary attestation in classical/mythographic tradition; cult evidence varies by entity.
ENT_HERMES,SRC_THEOI_UNDERWORLD,index attestation,Literary attestation in classical/mythographic tradition; cult evidence varies by entity.
ENT_DIONYSUS,SRC_THEOI_AGRICULTURE,index attestation,Literary attestation in classical/mythographic tradition; cult evidence varies by entity.
ENT_HESTIA,SRC_THEOI_GODS,index attestation,Literary attestation in classical/mythographic tradition; cult evidence varies by entity.
ENT_PAN,SRC_THEOI_GODS,index attestation,Literary attestation in classical/mythographic tradition; cult evidence varies by entity.
ENT_HECATE,SRC_THEOI_UNDERWORLD,index attestation,Literary attestation in classical/mythographic tradition; cult evidence varies by entity.
ENT_ASCLEPIUS,SRC_THEOI_DEIFIED,index attestation,Literary attestation in classical/mythographic tradition; cult evidence varies by entity.
ENT_EILEITHYIA,SRC_THEOI_GODS,index attestation,Literary attestation in classical/mythographic tradition; cult evidence varies by entity.
ENT_IRIS,SRC_THEOI_GODS,index attestation,Literary attestation in classical/mythographic tradition; cult evidence varies by entity.
ENT_NIKE,SRC_THEOI_GODS,index attestation,Literary attestation in classical/mythographic tradition; cult evidence varies by entity.
ENT_TYCHE,SRC_THEOI_GODS,index attestation,Literary attestation in classical/mythographic tradition; cult evidence varies by entity.
ENT_NEMESIS,SRC_THEOI_GODS,index attestation,Literary attestation in classical/mythographic tradition; cult evidence varies by entity.
ENT_DIKE,SRC_THEOI_GODS,index attestation,Literary attestation in classical/mythographic tradition; cult evidence varies by entity.
ENT_EIRENE,SRC_THEOI_GODS,index attestation,Literary attestation in classical/mythographic tradition; cult evidence varies by entity.
ENT_EUNOMIA,SRC_THEOI_GODS,index attestation,Literary attestation in classical/mythographic tradition; cult evidence varies by entity.
ENT_HORAE,SRC_THEOI_GODS,index attestation,Literary attestation in classical/mythographic tradition; cult evidence varies by entity.
ENT_CHARITES,SRC_THEOI_GODS,index attestation,Literary attestation in classical/mythographic tradition; cult evidence varies by entity.
ENT_MUSES,SRC_THEOI_GODS,index attestation,Literary attestation in classical/mythographic tradition; cult evidence varies by entity.
ENT_ERINYES,SRC_THEOI_UNDERWORLD,index attestation,Literary attestation in classical/mythographic tradition; cult evidence varies by entity.
ENT_MOIRAI_85,SRC_THEOI_GODS,index attestation,Literary attestation in classical/mythographic tradition; cult evidence varies by entity.
ENT_KOURETES,SRC_THEOI_GODS,index attestation,Literary attestation in classical/mythographic tradition; cult evidence varies by entity.
ENT_KORYBANTES,SRC_THEOI_GODS,index attestation,Literary attestation in classical/mythographic tradition; cult evidence varies by entity.
ENT_CABEIRI,SRC_THEOI_AGRICULTURE,index attestation,Literary attestation in classical/mythographic tradition; cult evidence varies by entity.
ENT_DIOSCURI,SRC_THEOI_DEIFIED,index attestation,Literary attestation in classical/mythographic tradition; cult evidence varies by entity.
ENT_ACHERON,SRC_THEOI_UNDERWORLD,index attestation,Literary attestation in classical/mythographic tradition; cult evidence varies by entity.
ENT_COCYTUS,SRC_THEOI_UNDERWORLD,index attestation,Literary attestation in classical/mythographic tradition; cult evidence varies by entity.
ENT_LETHE,SRC_THEOI_UNDERWORLD,index attestation,Literary attestation in classical/mythographic tradition; cult evidence varies by entity.
ENT_PHLEGETHON,SRC_THEOI_UNDERWORLD,index attestation,Literary attestation in classical/mythographic tradition; cult evidence varies by entity.
ENT_STYX,SRC_THEOI_UNDERWORLD,index attestation,Literary attestation in classical/mythographic tradition; cult evidence varies by entity.
ENT_CHARON,SRC_THEOI_UNDERWORLD,index attestation,Literary attestation in classical/mythographic tradition; cult evidence varies by entity.
ENT_THANATOS,SRC_THEOI_UNDERWORLD,index attestation,Literary attestation in classical/mythographic tradition; cult evidence varies by entity.
ENT_HYPNOS,SRC_THEOI_UNDERWORLD,index attestation,Literary attestation in classical/mythographic tradition; cult evidence varies by entity.
ENT_ONEIROI,SRC_THEOI_UNDERWORLD,index attestation,Literary attestation in classical/mythographic tradition; cult evidence varies by entity.
ENT_MORPHEUS,SRC_THEOI_UNDERWORLD,index attestation,Literary attestation in classical/mythographic tradition; cult evidence varies by entity.
ENT_PHOBETOR,SRC_THEOI_UNDERWORLD,index attestation,Literary attestation in classical/mythographic tradition; cult evidence varies by entity.
ENT_PHANTASOS,SRC_THEOI_UNDERWORLD,index attestation,Literary attestation in classical/mythographic tradition; cult evidence varies by entity.
ENT_EMPUSA,SRC_THEOI_UNDERWORLD,index attestation,Literary attestation in classical/mythographic tradition; cult evidence varies by entity.
ENT_EURYNOMOS,SRC_THEOI_UNDERWORLD,index attestation,Literary attestation in classical/mythographic tradition; cult evidence varies by entity.
ENT_MORMOLYKEIA,SRC_THEOI_UNDERWORLD,index attestation,Literary attestation in classical/mythographic tradition; cult evidence varies by entity.
ENT_KERES,SRC_THEOI_UNDERWORLD,index attestation,Literary attestation in classical/mythographic tradition; cult evidence varies by entity.
ENT_ACHLYS,SRC_THEOI_UNDERWORLD,index attestation,Literary attestation in classical/mythographic tradition; cult evidence varies by entity.
ENT_MACARIA,SRC_THEOI_UNDERWORLD,index attestation,Literary attestation in classical/mythographic tradition; cult evidence varies by entity.
ENT_MELINOE,SRC_THEOI_UNDERWORLD,index attestation,Literary attestation in classical/mythographic tradition; cult evidence varies by entity.
ENT_ZAGREUS,SRC_THEOI_UNDERWORLD,index attestation,Literary attestation in classical/mythographic tradition; cult evidence varies by entity.
ENT_BRIMO,SRC_THEOI_UNDERWORLD,index attestation,Literary attestation in classical/mythographic tradition; cult evidence varies by entity.
ENT_DESPOINA,SRC_THEOI_UNDERWORLD,index attestation,Literary attestation in classical/mythographic tradition; cult evidence varies by entity.
ENT_AEACUS,SRC_THEOI_UNDERWORLD,index attestation,Literary attestation in classical/mythographic tradition; cult evidence varies by entity.
ENT_MINOS,SRC_THEOI_UNDERWORLD,index attestation,Literary attestation in classical/mythographic tradition; cult evidence varies by entity.
ENT_RHADAMANTHYS,SRC_THEOI_UNDERWORLD,index attestation,Literary attestation in classical/mythographic tradition; cult evidence varies by entity.
ENT_ASCALAPHUS,SRC_THEOI_UNDERWORLD,index attestation,Literary attestation in classical/mythographic tradition; cult evidence varies by entity.
ENT_LEUCE,SRC_THEOI_UNDERWORLD,index attestation,Literary attestation in classical/mythographic tradition; cult evidence varies by entity.
ENT_MINTHE,SRC_THEOI_UNDERWORLD,index attestation,Literary attestation in classical/mythographic tradition; cult evidence varies by entity.
ENT_HADES_KLYMENOS,SRC_THEOI_UNDERWORLD,index attestation,Literary attestation in classical/mythographic tradition; cult evidence varies by entity.
ENT_TROPHONIUS,SRC_THEOI_DEIFIED,index attestation,Literary attestation in classical/mythographic tradition; cult evidence varies by entity.
ENT_AMPHIARAUS,SRC_THEOI_DEIFIED,index attestation,Literary attestation in classical/mythographic tradition; cult evidence varies by entity.
ENT_GLYCON,SRC_THEOI_GODS,index attestation,Literary attestation in classical/mythographic tradition; cult evidence varies by entity.
ENT_PYTHON,SRC_THEOI_UNDERWORLD,index attestation,Literary attestation in classical/mythographic tradition; cult evidence varies by entity.
ENT_AGATHOS_DAIMON,SRC_THEOI_UNDERWORLD,index attestation,Literary attestation in classical/mythographic tradition; cult evidence varies by entity.
ENT_AIDOS,SRC_THEOI_DAIMONES,index attestation,Literary attestation in classical/mythographic tradition; cult evidence varies by entity.
ENT_ALGEA,SRC_THEOI_DAIMONES,index attestation,Literary attestation in classical/mythographic tradition; cult evidence varies by entity.
ENT_ALKE,SRC_THEOI_DAIMONES,index attestation,Literary attestation in classical/mythographic tradition; cult evidence varies by entity.
ENT_AMECHANIA,SRC_THEOI_DAIMONES,index attestation,Literary attestation in classical/mythographic tradition; cult evidence varies by entity.
ENT_AMPHILOGIAI,SRC_THEOI_DAIMONES,index attestation,Literary attestation in classical/mythographic tradition; cult evidence varies by entity.
ENT_APATE,SRC_THEOI_DAIMONES,index attestation,Literary attestation in classical/mythographic tradition; cult evidence varies by entity.
ENT_ARETE,SRC_THEOI_DAIMONES,index attestation,Literary attestation in classical/mythographic tradition; cult evidence varies by entity.
ENT_AT,SRC_THEOI_DAIMONES,index attestation,Literary attestation in classical/mythographic tradition; cult evidence varies by entity.
ENT_BIA,SRC_THEOI_DAIMONES,index attestation,Literary attestation in classical/mythographic tradition; cult evidence varies by entity.
ENT_CAERUS,SRC_THEOI_DAIMONES,index attestation,Literary attestation in classical/mythographic tradition; cult evidence varies by entity.
ENT_DEIMOS,SRC_THEOI_DAIMONES,index attestation,Literary attestation in classical/mythographic tradition; cult evidence varies by entity.
ENT_DOLOS,SRC_THEOI_DAIMONES,index attestation,Literary attestation in classical/mythographic tradition; cult evidence varies by entity.
ENT_DYSNOMIA,SRC_THEOI_DAIMONES,index attestation,Literary attestation in classical/mythographic tradition; cult evidence varies by entity.
ENT_ELPIS,SRC_THEOI_DAIMONES,index attestation,Literary attestation in classical/mythographic tradition; cult evidence varies by entity.
ENT_ENYO,SRC_THEOI_DAIMONES,index attestation,Literary attestation in classical/mythographic tradition; cult evidence varies by entity.
ENT_ERIS,SRC_THEOI_DAIMONES,index attestation,Literary attestation in classical/mythographic tradition; cult evidence varies by entity.
ENT_EROS,SRC_THEOI_DAIMONES,index attestation,Literary attestation in classical/mythographic tradition; cult evidence varies by entity.
ENT_GERAS,SRC_THEOI_DAIMONES,index attestation,Literary attestation in classical/mythographic tradition; cult evidence varies by entity.
ENT_HARMONIA,SRC_THEOI_DAIMONES,index attestation,Literary attestation in classical/mythographic tradition; cult evidence varies by entity.
ENT_HEDONE,SRC_THEOI_DAIMONES,index attestation,Literary attestation in classical/mythographic tradition; cult evidence varies by entity.
ENT_HIMEROS,SRC_THEOI_DAIMONES,index attestation,Literary attestation in classical/mythographic tradition; cult evidence varies by entity.
ENT_HOMONOIA,SRC_THEOI_DAIMONES,index attestation,Literary attestation in classical/mythographic tradition; cult evidence varies by entity.
ENT_HYBRIS,SRC_THEOI_DAIMONES,index attestation,Literary attestation in classical/mythographic tradition; cult evidence varies by entity.
ENT_HYSMINAI,SRC_THEOI_DAIMONES,index attestation,Literary attestation in classical/mythographic tradition; cult evidence varies by entity.
ENT_IOKE,SRC_THEOI_DAIMONES,index attestation,Literary attestation in classical/mythographic tradition; cult evidence varies by entity.
ENT_KRATOS,SRC_THEOI_DAIMONES,index attestation,Literary attestation in classical/mythographic tradition; cult evidence varies by entity.
ENT_KYDOIMOS,SRC_THEOI_DAIMONES,index attestation,Literary attestation in classical/mythographic tradition; cult evidence varies by entity.
ENT_LETHE_151,SRC_THEOI_DAIMONES,index attestation,Literary attestation in classical/mythographic tradition; cult evidence varies by entity.
ENT_LIMOS,SRC_THEOI_DAIMONES,index attestation,Literary attestation in classical/mythographic tradition; cult evidence varies by entity.
ENT_LYSSA,SRC_THEOI_DAIMONES,index attestation,Literary attestation in classical/mythographic tradition; cult evidence varies by entity.
ENT_MACHAI,SRC_THEOI_DAIMONES,index attestation,Literary attestation in classical/mythographic tradition; cult evidence varies by entity.
ENT_MANIA,SRC_THEOI_DAIMONES,index attestation,Literary attestation in classical/mythographic tradition; cult evidence varies by entity.
ENT_MOMUS,SRC_THEOI_DAIMONES,index attestation,Literary attestation in classical/mythographic tradition; cult evidence varies by entity.
ENT_MOMOS,SRC_THEOI_DAIMONES,index attestation,Literary attestation in classical/mythographic tradition; cult evidence varies by entity.
ENT_MOROS_158,SRC_THEOI_DAIMONES,index attestation,Literary attestation in classical/mythographic tradition; cult evidence varies by entity.
ENT_NIKE_159,SRC_THEOI_DAIMONES,index attestation,Literary attestation in classical/mythographic tradition; cult evidence varies by entity.
ENT_OIZYS,SRC_THEOI_DAIMONES,index attestation,Literary attestation in classical/mythographic tradition; cult evidence varies by entity.
ENT_PEITHO,SRC_THEOI_DAIMONES,index attestation,Literary attestation in classical/mythographic tradition; cult evidence varies by entity.
ENT_PENIA,SRC_THEOI_DAIMONES,index attestation,Literary attestation in classical/mythographic tradition; cult evidence varies by entity.
ENT_PHEME,SRC_THEOI_DAIMONES,index attestation,Literary attestation in classical/mythographic tradition; cult evidence varies by entity.
ENT_PHOBOS,SRC_THEOI_DAIMONES,index attestation,Literary attestation in classical/mythographic tradition; cult evidence varies by entity.
ENT_PHILOTES,SRC_THEOI_DAIMONES,index attestation,Literary attestation in classical/mythographic tradition; cult evidence varies by entity.
ENT_PONOS,SRC_THEOI_DAIMONES,index attestation,Literary attestation in classical/mythographic tradition; cult evidence varies by entity.
ENT_POROS,SRC_THEOI_DAIMONES,index attestation,Literary attestation in classical/mythographic tradition; cult evidence varies by entity.
ENT_POTHOS,SRC_THEOI_DAIMONES,index attestation,Literary attestation in classical/mythographic tradition; cult evidence varies by entity.
ENT_SOPHROSYNE,SRC_THEOI_DAIMONES,index attestation,Literary attestation in classical/mythographic tradition; cult evidence varies by entity.
ENT_SOTER,SRC_THEOI_DAIMONES,index attestation,Literary attestation in classical/mythographic tradition; cult evidence varies by entity.
ENT_SOTERIA,SRC_THEOI_DAIMONES,index attestation,Literary attestation in classical/mythographic tradition; cult evidence varies by entity.
ENT_TECHNE,SRC_THEOI_DAIMONES,index attestation,Literary attestation in classical/mythographic tradition; cult evidence varies by entity.
ENT_THANATOS_173,SRC_THEOI_DAIMONES,index attestation,Literary attestation in classical/mythographic tradition; cult evidence varies by entity.
ENT_THEMIS_174,SRC_THEOI_DAIMONES,index attestation,Literary attestation in classical/mythographic tradition; cult evidence varies by entity.
ENT_THRASOS,SRC_THEOI_DAIMONES,index attestation,Literary attestation in classical/mythographic tradition; cult evidence varies by entity.
ENT_TYCHE_176,SRC_THEOI_DAIMONES,index attestation,Literary attestation in classical/mythographic tradition; cult evidence varies by entity.
ENT_ZELOS,SRC_THEOI_DAIMONES,index attestation,Literary attestation in classical/mythographic tradition; cult evidence varies by entity.
ENT_ADIKIA,SRC_THEOI_DAIMONES,index attestation,Literary attestation in classical/mythographic tradition; cult evidence varies by entity.
ENT_DIKAIOSYNE,SRC_THEOI_DAIMONES,index attestation,Literary attestation in classical/mythographic tradition; cult evidence varies by entity.
ENT_ELEOS,SRC_THEOI_DAIMONES,index attestation,Literary attestation in classical/mythographic tradition; cult evidence varies by entity.
ENT_EPIPHRON,SRC_THEOI_DAIMONES,index attestation,Literary attestation in classical/mythographic tradition; cult evidence varies by entity.
ENT_EUSEBEIA,SRC_THEOI_DAIMONES,index attestation,Literary attestation in classical/mythographic tradition; cult evidence varies by entity.
ENT_HORKOS,SRC_THEOI_DAIMONES,index attestation,Literary attestation in classical/mythographic tradition; cult evidence varies by entity.
ENT_KAIROS,SRC_THEOI_DAIMONES,index attestation,Literary attestation in classical/mythographic tradition; cult evidence varies by entity.
ENT_KAKIA,SRC_THEOI_DAIMONES,index attestation,Literary attestation in classical/mythographic tradition; cult evidence varies by entity.
ENT_LITAE,SRC_THEOI_DAIMONES,index attestation,Literary attestation in classical/mythographic tradition; cult evidence varies by entity.
ENT_NEIKEA,SRC_THEOI_DAIMONES,index attestation,Literary attestation in classical/mythographic tradition; cult evidence varies by entity.
ENT_NOMOS,SRC_THEOI_DAIMONES,index attestation,Literary attestation in classical/mythographic tradition; cult evidence varies by entity.
ENT_PALIOXIS,SRC_THEOI_DAIMONES,index attestation,Literary attestation in classical/mythographic tradition; cult evidence varies by entity.
ENT_POINE,SRC_THEOI_DAIMONES,index attestation,Literary attestation in classical/mythographic tradition; cult evidence varies by entity.
ENT_PRAXIS,SRC_THEOI_DAIMONES,index attestation,Literary attestation in classical/mythographic tradition; cult evidence varies by entity.
ENT_PROIOXIS,SRC_THEOI_DAIMONES,index attestation,Literary attestation in classical/mythographic tradition; cult evidence varies by entity.
ENT_PSEUDOLOGOI,SRC_THEOI_DAIMONES,index attestation,Literary attestation in classical/mythographic tradition; cult evidence varies by entity.
ENT_NEREUS,SRC_THEOI_SEA,index attestation,Literary attestation in classical/mythographic tradition; cult evidence varies by entity.
ENT_DORIS,SRC_THEOI_SEA,index attestation,Literary attestation in classical/mythographic tradition; cult evidence varies by entity.
ENT_THAUMAS,SRC_THEOI_SEA,index attestation,Literary attestation in classical/mythographic tradition; cult evidence varies by entity.
ENT_PHORCYS,SRC_THEOI_SEA,index attestation,Literary attestation in classical/mythographic tradition; cult evidence varies by entity.
ENT_CETO,SRC_THEOI_SEA,index attestation,Literary attestation in classical/mythographic tradition; cult evidence varies by entity.
ENT_EURYBIA_SEA,SRC_THEOI_SEA,index attestation,Literary attestation in classical/mythographic tradition; cult evidence varies by entity.
ENT_TRITON,SRC_THEOI_SEA,index attestation,Literary attestation in classical/mythographic tradition; cult evidence varies by entity.
ENT_PROTEUS,SRC_THEOI_SEA,index attestation,Literary attestation in classical/mythographic tradition; cult evidence varies by entity.
ENT_GLAUCUS,SRC_THEOI_SEA,index attestation,Literary attestation in classical/mythographic tradition; cult evidence varies by entity.
ENT_PALAEMON,SRC_THEOI_SEA,index attestation,Literary attestation in classical/mythographic tradition; cult evidence varies by entity.
ENT_LEUCOTHEA,SRC_THEOI_SEA,index attestation,Literary attestation in classical/mythographic tradition; cult evidence varies by entity.
ENT_THETIS,SRC_THEOI_SEA,index attestation,Literary attestation in classical/mythographic tradition; cult evidence varies by entity.
ENT_AMPHITRITE,SRC_THEOI_SEA,index attestation,Literary attestation in classical/mythographic tradition; cult evidence varies by entity.
ENT_GALATEA,SRC_THEOI_SEA,index attestation,Literary attestation in classical/mythographic tradition; cult evidence varies by entity.
ENT_PSAMATHE,SRC_THEOI_SEA,index attestation,Literary attestation in classical/mythographic tradition; cult evidence varies by entity.
ENT_CYMODOCE,SRC_THEOI_SEA,index attestation,Literary attestation in classical/mythographic tradition; cult evidence varies by entity.
ENT_DYNAMENE,SRC_THEOI_SEA,index attestation,Literary attestation in classical/mythographic tradition; cult evidence varies by entity.
ENT_PHERUSA,SRC_THEOI_SEA,index attestation,Literary attestation in classical/mythographic tradition; cult evidence varies by entity.
ENT_PROTO,SRC_THEOI_SEA,index attestation,Literary attestation in classical/mythographic tradition; cult evidence varies by entity.
ENT_ACTAEA,SRC_THEOI_SEA,index attestation,Literary attestation in classical/mythographic tradition; cult evidence varies by entity.
ENT_DOTO,SRC_THEOI_SEA,index attestation,Literary attestation in classical/mythographic tradition; cult evidence varies by entity.
ENT_EUARNE,SRC_THEOI_SEA,index attestation,Literary attestation in classical/mythographic tradition; cult evidence varies by entity.
ENT_HIPPONOE,SRC_THEOI_SEA,index attestation,Literary attestation in classical/mythographic tradition; cult evidence varies by entity.
ENT_NESO,SRC_THEOI_SEA,index attestation,Literary attestation in classical/mythographic tradition; cult evidence varies by entity.
ENT_THALIA_NEREID,SRC_THEOI_SEA,index attestation,Literary attestation in classical/mythographic tradition; cult evidence varies by entity.
ENT_EUDORA_NEREID,SRC_THEOI_SEA,index attestation,Literary attestation in classical/mythographic tradition; cult evidence varies by entity.
ENT_SAO,SRC_THEOI_SEA,index attestation,Literary attestation in classical/mythographic tradition; cult evidence varies by entity.
ENT_SPEIO,SRC_THEOI_SEA,index attestation,Literary attestation in classical/mythographic tradition; cult evidence varies by entity.
ENT_GLAUCE,SRC_THEOI_SEA,index attestation,Literary attestation in classical/mythographic tradition; cult evidence varies by entity.
ENT_CYMOTHOE,SRC_THEOI_SEA,index attestation,Literary attestation in classical/mythographic tradition; cult evidence varies by entity.
ENT_MELITE,SRC_THEOI_SEA,index attestation,Literary attestation in classical/mythographic tradition; cult evidence varies by entity.
ENT_ACHELOOS,SRC_THEOI_POTAMOI,index attestation,Literary attestation in classical/mythographic tradition; cult evidence varies by entity.
ENT_ALPHEUS,SRC_THEOI_POTAMOI,index attestation,Literary attestation in classical/mythographic tradition; cult evidence varies by entity.
ENT_PENEUS,SRC_THEOI_POTAMOI,index attestation,Literary attestation in classical/mythographic tradition; cult evidence varies by entity.
ENT_SCAMANDER,SRC_THEOI_POTAMOI,index attestation,Literary attestation in classical/mythographic tradition; cult evidence varies by entity.
ENT_SIMOEIS,SRC_THEOI_POTAMOI,index attestation,Literary attestation in classical/mythographic tradition; cult evidence varies by entity.
ENT_CEPHISSUS,SRC_THEOI_POTAMOI,index attestation,Literary attestation in classical/mythographic tradition; cult evidence varies by entity.
ENT_EUROTAS,SRC_THEOI_POTAMOI,index attestation,Literary attestation in classical/mythographic tradition; cult evidence varies by entity.
ENT_INACHUS,SRC_THEOI_POTAMOI,index attestation,Literary attestation in classical/mythographic tradition; cult evidence varies by entity.
ENT_LADON,SRC_THEOI_POTAMOI,index attestation,Literary attestation in classical/mythographic tradition; cult evidence varies by entity.
ENT_ASOPUS,SRC_THEOI_POTAMOI,index attestation,Literary attestation in classical/mythographic tradition; cult evidence varies by entity.
ENT_SPERCHEIOS,SRC_THEOI_POTAMOI,index attestation,Literary attestation in classical/mythographic tradition; cult evidence varies by entity.
ENT_HEBRUS,SRC_THEOI_POTAMOI,index attestation,Literary attestation in classical/mythographic tradition; cult evidence varies by entity.
ENT_ERIDANUS,SRC_THEOI_POTAMOI,index attestation,Literary attestation in classical/mythographic tradition; cult evidence varies by entity.
ENT_NILE,SRC_THEOI_POTAMOI,index attestation,Literary attestation in classical/mythographic tradition; cult evidence varies by entity.
ENT_STRYMON,SRC_THEOI_POTAMOI,index attestation,Literary attestation in classical/mythographic tradition; cult evidence varies by entity.
ENT_AESAR,SRC_THEOI_POTAMOI,index attestation,Literary attestation in classical/mythographic tradition; cult evidence varies by entity.
ENT_ACHELOUS_MINOR,SRC_THEOI_POTAMOI,index attestation,Literary attestation in classical/mythographic tradition; cult evidence varies by entity.
ENT_ACHERON_RIVER,SRC_THEOI_POTAMOI,index attestation,Literary attestation in classical/mythographic tradition; cult evidence varies by entity.
ENT_AESEPUS,SRC_THEOI_POTAMOI,index attestation,Literary attestation in classical/mythographic tradition; cult evidence varies by entity.
ENT_AXIUS,SRC_THEOI_POTAMOI,index attestation,Literary attestation in classical/mythographic tradition; cult evidence varies by entity.
ENT_CAICUS,SRC_THEOI_POTAMOI,index attestation,Literary attestation in classical/mythographic tradition; cult evidence varies by entity.
ENT_CLADEUS,SRC_THEOI_POTAMOI,index attestation,Literary attestation in classical/mythographic tradition; cult evidence varies by entity.
ENT_CYDNUS,SRC_THEOI_POTAMOI,index attestation,Literary attestation in classical/mythographic tradition; cult evidence varies by entity.
ENT_EVENUS,SRC_THEOI_POTAMOI,index attestation,Literary attestation in classical/mythographic tradition; cult evidence varies by entity.
ENT_ERYMANTHUS,SRC_THEOI_POTAMOI,index attestation,Literary attestation in classical/mythographic tradition; cult evidence varies by entity.
ENT_GRANICUS,SRC_THEOI_POTAMOI,index attestation,Literary attestation in classical/mythographic tradition; cult evidence varies by entity.
ENT_ILISSUS,SRC_THEOI_POTAMOI,index attestation,Literary attestation in classical/mythographic tradition; cult evidence varies by entity.
ENT_ISMENUS,SRC_THEOI_POTAMOI,index attestation,Literary attestation in classical/mythographic tradition; cult evidence varies by entity.
ENT_MAEANDER,SRC_THEOI_POTAMOI,index attestation,Literary attestation in classical/mythographic tradition; cult evidence varies by entity.
ENT_MELES,SRC_THEOI_POTAMOI,index attestation,Literary attestation in classical/mythographic tradition; cult evidence varies by entity.
ENT_NESSUS,SRC_THEOI_POTAMOI,index attestation,Literary attestation in classical/mythographic tradition; cult evidence varies by entity.
ENT_SANGARIUS,SRC_THEOI_POTAMOI,index attestation,Literary attestation in classical/mythographic tradition; cult evidence varies by entity.
ENT_SATNIOEIS,SRC_THEOI_POTAMOI,index attestation,Literary attestation in classical/mythographic tradition; cult evidence varies by entity.
ENT_TITARESIUS,SRC_THEOI_POTAMOI,index attestation,Literary attestation in classical/mythographic tradition; cult evidence varies by entity.
ENT_XANTHUS,SRC_THEOI_POTAMOI,index attestation,Literary attestation in classical/mythographic tradition; cult evidence varies by entity.
ENT_THERMODON,SRC_THEOI_POTAMOI,index attestation,Literary attestation in classical/mythographic tradition; cult evidence varies by entity.
ENT_PARTHENIUS,SRC_THEOI_POTAMOI,index attestation,Literary attestation in classical/mythographic tradition; cult evidence varies by entity.
ENT_RHESUS_RIVER,SRC_THEOI_POTAMOI,index attestation,Literary attestation in classical/mythographic tradition; cult evidence varies by entity.
ENT_PHASIS,SRC_THEOI_POTAMOI,index attestation,Literary attestation in classical/mythographic tradition; cult evidence varies by entity.
ENT_AGANIPPE,SRC_THEOI_NYMPHS,index attestation,Literary attestation in classical/mythographic tradition; cult evidence varies by entity.
ENT_AMALTHEIA,SRC_THEOI_NYMPHS,index attestation,Literary attestation in classical/mythographic tradition; cult evidence varies by entity.
ENT_AEGINA,SRC_THEOI_NYMPHS,index attestation,Literary attestation in classical/mythographic tradition; cult evidence varies by entity.
ENT_ARETHUSA,SRC_THEOI_NYMPHS,index attestation,Literary attestation in classical/mythographic tradition; cult evidence varies by entity.
ENT_CYRENE,SRC_THEOI_NYMPHS,index attestation,Literary attestation in classical/mythographic tradition; cult evidence varies by entity.
ENT_DAPHNE,SRC_THEOI_NYMPHS,index attestation,Literary attestation in classical/mythographic tradition; cult evidence varies by entity.
ENT_ECHO,SRC_THEOI_NYMPHS,index attestation,Literary attestation in classical/mythographic tradition; cult evidence varies by entity.
ENT_SYRINX,SRC_THEOI_NYMPHS,index attestation,Literary attestation in classical/mythographic tradition; cult evidence varies by entity.
ENT_DIRCE,SRC_THEOI_NYMPHS,index attestation,Literary attestation in classical/mythographic tradition; cult evidence varies by entity.
ENT_SALMACIS,SRC_THEOI_NYMPHS,index attestation,Literary attestation in classical/mythographic tradition; cult evidence varies by entity.
ENT_CALYPSO,SRC_THEOI_NYMPHS,index attestation,Literary attestation in classical/mythographic tradition; cult evidence varies by entity.
ENT_MAIA,SRC_THEOI_NYMPHS,index attestation,Literary attestation in classical/mythographic tradition; cult evidence varies by entity.
ENT_ELECTRA_OCEANID,SRC_THEOI_NYMPHS,index attestation,Literary attestation in classical/mythographic tradition; cult evidence varies by entity.
ENT_METIS,SRC_THEOI_NYMPHS,index attestation,Literary attestation in classical/mythographic tradition; cult evidence varies by entity.
ENT_EURYNOME_OCEANID,SRC_THEOI_NYMPHS,index attestation,Literary attestation in classical/mythographic tradition; cult evidence varies by entity.
ENT_CLYMENE_OCEANID,SRC_THEOI_NYMPHS,index attestation,Literary attestation in classical/mythographic tradition; cult evidence varies by entity.
ENT_ASIA,SRC_THEOI_NYMPHS,index attestation,Literary attestation in classical/mythographic tradition; cult evidence varies by entity.
ENT_PLEIONE,SRC_THEOI_NYMPHS,index attestation,Literary attestation in classical/mythographic tradition; cult evidence varies by entity.
ENT_CALLIRRHOE,SRC_THEOI_NYMPHS,index attestation,Literary attestation in classical/mythographic tradition; cult evidence varies by entity.
ENT_PERSEIS,SRC_THEOI_NYMPHS,index attestation,Literary attestation in classical/mythographic tradition; cult evidence varies by entity.
ENT_IDYIA,SRC_THEOI_NYMPHS,index attestation,Literary attestation in classical/mythographic tradition; cult evidence varies by entity.
ENT_AETHRA_OCEANID,SRC_THEOI_NYMPHS,index attestation,Literary attestation in classical/mythographic tradition; cult evidence varies by entity.
ENT_BEROE,SRC_THEOI_NYMPHS,index attestation,Literary attestation in classical/mythographic tradition; cult evidence varies by entity.
ENT_EPHYRA,SRC_THEOI_NYMPHS,index attestation,Literary attestation in classical/mythographic tradition; cult evidence varies by entity.
ENT_MELIA,SRC_THEOI_NYMPHS,index attestation,Literary attestation in classical/mythographic tradition; cult evidence varies by entity.
ENT_PEITHO_OCEANID,SRC_THEOI_NYMPHS,index attestation,Literary attestation in classical/mythographic tradition; cult evidence varies by entity.
ENT_TYCHE_OCEANID,SRC_THEOI_NYMPHS,index attestation,Literary attestation in classical/mythographic tradition; cult evidence varies by entity.
ENT_ADRASTEIA_NYMPH,SRC_THEOI_NYMPHS,index attestation,Literary attestation in classical/mythographic tradition; cult evidence varies by entity.
ENT_IDAIA,SRC_THEOI_NYMPHS,index attestation,Literary attestation in classical/mythographic tradition; cult evidence varies by entity.
ENT_NEDA,SRC_THEOI_NYMPHS,index attestation,Literary attestation in classical/mythographic tradition; cult evidence varies by entity.
ENT_CYLLENE,SRC_THEOI_NYMPHS,index attestation,Literary attestation in classical/mythographic tradition; cult evidence varies by entity.
ENT_CHELONE,SRC_THEOI_NYMPHS,index attestation,Literary attestation in classical/mythographic tradition; cult evidence varies by entity.
ENT_CORYCIA,SRC_THEOI_NYMPHS,index attestation,Literary attestation in classical/mythographic tradition; cult evidence varies by entity.
ENT_CORYCIAN_NYMPHS,SRC_THEOI_NYMPHS,index attestation,Literary attestation in classical/mythographic tradition; cult evidence varies by entity.
ENT_MUSES_HELICONIAN,SRC_THEOI_NYMPHS,index attestation,Literary attestation in classical/mythographic tradition; cult evidence varies by entity.
ENT_HESPERIDES,SRC_THEOI_NYMPHS,index attestation,Literary attestation in classical/mythographic tradition; cult evidence varies by entity.
ENT_AEGLE_HESPERID,SRC_THEOI_NYMPHS,index attestation,Literary attestation in classical/mythographic tradition; cult evidence varies by entity.
ENT_ERYTHEIA_HESPERID,SRC_THEOI_NYMPHS,index attestation,Literary attestation in classical/mythographic tradition; cult evidence varies by entity.
ENT_HESPERIA_HESPERID,SRC_THEOI_NYMPHS,index attestation,Literary attestation in classical/mythographic tradition; cult evidence varies by entity.
ENT_ARETHUSA_HESPERID,SRC_THEOI_NYMPHS,index attestation,Literary attestation in classical/mythographic tradition; cult evidence varies by entity.
ENT_LAMPADES,SRC_THEOI_NYMPHS,index attestation,Literary attestation in classical/mythographic tradition; cult evidence varies by entity.
ENT_ORPHNE,SRC_THEOI_NYMPHS,index attestation,Literary attestation in classical/mythographic tradition; cult evidence varies by entity.
ENT_GORGYRA,SRC_THEOI_NYMPHS,index attestation,Literary attestation in classical/mythographic tradition; cult evidence varies by entity.
ENT_LEIMAKIDES,SRC_THEOI_NYMPHS,index attestation,Literary attestation in classical/mythographic tradition; cult evidence varies by entity.
ENT_LIMNADES,SRC_THEOI_NYMPHS,index attestation,Literary attestation in classical/mythographic tradition; cult evidence varies by entity.
ENT_NAPAEAE,SRC_THEOI_NYMPHS,index attestation,Literary attestation in classical/mythographic tradition; cult evidence varies by entity.
ENT_OREADS,SRC_THEOI_NYMPHS,index attestation,Literary attestation in classical/mythographic tradition; cult evidence varies by entity.
ENT_DRYADS,SRC_THEOI_NYMPHS,index attestation,Literary attestation in classical/mythographic tradition; cult evidence varies by entity.
ENT_HAMADRYADS,SRC_THEOI_NYMPHS,index attestation,Literary attestation in classical/mythographic tradition; cult evidence varies by entity.
ENT_MELIAE,SRC_THEOI_NYMPHS,index attestation,Literary attestation in classical/mythographic tradition; cult evidence varies by entity.
ENT_NAIADS,SRC_THEOI_NYMPHS,index attestation,Literary attestation in classical/mythographic tradition; cult evidence varies by entity.
ENT_NEREIDS,SRC_THEOI_NYMPHS,index attestation,Literary attestation in classical/mythographic tradition; cult evidence varies by entity.
ENT_OCEANIDS,SRC_THEOI_NYMPHS,index attestation,Literary attestation in classical/mythographic tradition; cult evidence varies by entity.
ENT_NEPHELAE,SRC_THEOI_NYMPHS,index attestation,Literary attestation in classical/mythographic tradition; cult evidence varies by entity.
ENT_AURAE,SRC_THEOI_NYMPHS,index attestation,Literary attestation in classical/mythographic tradition; cult evidence varies by entity.
ENT_MAENADS,SRC_THEOI_NYMPHS,index attestation,Literary attestation in classical/mythographic tradition; cult evidence varies by entity.
ENT_THYIADS,SRC_THEOI_NYMPHS,index attestation,Literary attestation in classical/mythographic tradition; cult evidence varies by entity.
ENT_CRENAIAE,SRC_THEOI_NYMPHS,index attestation,Literary attestation in classical/mythographic tradition; cult evidence varies by entity.
ENT_HELEIONOMAI,SRC_THEOI_NYMPHS,index attestation,Literary attestation in classical/mythographic tradition; cult evidence varies by entity.
ENT_PEGAEAE,SRC_THEOI_NYMPHS,index attestation,Literary attestation in classical/mythographic tradition; cult evidence varies by entity.
ENT_POTAMEIDES,SRC_THEOI_NYMPHS,index attestation,Literary attestation in classical/mythographic tradition; cult evidence varies by entity.
ENT_ARISTAEUS,SRC_THEOI_RUSTIC,index attestation,Literary attestation in classical/mythographic tradition; cult evidence varies by entity.
ENT_PRIAPUS,SRC_THEOI_RUSTIC,index attestation,Literary attestation in classical/mythographic tradition; cult evidence varies by entity.
ENT_HERMAPHRODITUS,SRC_THEOI_DEIFIED,index attestation,Literary attestation in classical/mythographic tradition; cult evidence varies by entity.
ENT_ARIADNE,SRC_THEOI_DEIFIED,index attestation,Literary attestation in classical/mythographic tradition; cult evidence varies by entity.
ENT_PSYCHE,SRC_THEOI_DEIFIED,index attestation,Literary attestation in classical/mythographic tradition; cult evidence varies by entity.
ENT_GANYMEDE,SRC_THEOI_DEIFIED,index attestation,Literary attestation in classical/mythographic tradition; cult evidence varies by entity.
ENT_TITHONUS,SRC_THEOI_DEIFIED,index attestation,Literary attestation in classical/mythographic tradition; cult evidence varies by entity.
ENT_INO_LEUCOTHEA,SRC_THEOI_DEIFIED,index attestation,Literary attestation in classical/mythographic tradition; cult evidence varies by entity.
ENT_MELICERTES_PALAEMON,SRC_THEOI_DEIFIED,index attestation,Literary attestation in classical/mythographic tradition; cult evidence varies by entity.
ENT_SABAZIOS,SRC_THEOI_GODS,index attestation,Literary attestation in classical/mythographic tradition; cult evidence varies by entity.
ENT_M_N,SRC_THEOI_GODS,index attestation,Literary attestation in classical/mythographic tradition; cult evidence varies by entity.
ENT_CYBELE,SRC_THEOI_RUSTIC,index attestation,Literary attestation in classical/mythographic tradition; cult evidence varies by entity.
ENT_ATTIS,SRC_THEOI_RUSTIC,index attestation,Literary attestation in classical/mythographic tradition; cult evidence varies by entity.
ENT_ADONIS,SRC_THEOI_AGRICULTURE,index attestation,Literary attestation in classical/mythographic tradition; cult evidence varies by entity.
ENT_BENDIS,SRC_THEOI_GODS,index attestation,Literary attestation in classical/mythographic tradition; cult evidence varies by entity.
ENT_COTYS,SRC_THEOI_GODS,index attestation,Literary attestation in classical/mythographic tradition; cult evidence varies by entity.
ENT_DIONE_341,SRC_THEOI_GODS,index attestation,Literary attestation in classical/mythographic tradition; cult evidence varies by entity.
ENT_THEMIS_AT_DELPHI,SRC_THEOI_GODS,index attestation,Literary attestation in classical/mythographic tradition; cult evidence varies by entity.
ENT_PHOEBE_AT_DELPHI,SRC_THEOI_GODS,index attestation,Literary attestation in classical/mythographic tradition; cult evidence varies by entity.
ENT_KOUROTROPHOS,SRC_THEOI_AGRICULTURE,index attestation,Literary attestation in classical/mythographic tradition; cult evidence varies by entity.
ENT_KALLIGENEIA,SRC_THEOI_AGRICULTURE,index attestation,Literary attestation in classical/mythographic tradition; cult evidence varies by entity.
ENT_ANYTUS,SRC_THEOI_RUSTIC,index attestation,Literary attestation in classical/mythographic tradition; cult evidence varies by entity.
ENT_EUBOULEUS,SRC_THEOI_AGRICULTURE,index attestation,Literary attestation in classical/mythographic tradition; cult evidence varies by entity.
ENT_TRIPTOLEMUS,SRC_THEOI_AGRICULTURE,index attestation,Literary attestation in classical/mythographic tradition; cult evidence varies by entity.
ENT_PLUTUS,SRC_THEOI_AGRICULTURE,index attestation,Literary attestation in classical/mythographic tradition; cult evidence varies by entity.
ENT_HERACLES,SRC_THEOI_DEIFIED,index attestation,Literary attestation in classical/mythographic tradition; cult evidence varies by entity.
ENT_ORPHEUS,SRC_THEOI_DEIFIED,index attestation,Literary attestation in classical/mythographic tradition; cult evidence varies by entity.
ENT_PERSEUS,SRC_THEOI_DEIFIED,index attestation,Literary attestation in classical/mythographic tradition; cult evidence varies by entity.
ENT_THESEUS,SRC_THEOI_DEIFIED,index attestation,Literary attestation in classical/mythographic tradition; cult evidence varies by entity.
ENT_BELLEROPHON,SRC_THEOI_DEIFIED,index attestation,Literary attestation in classical/mythographic tradition; cult evidence varies by entity.
ENT_CADMUS,SRC_THEOI_DEIFIED,index attestation,Literary attestation in classical/mythographic tradition; cult evidence varies by entity.
ENT_MOPSUS,SRC_THEOI_DEIFIED,index attestation,Literary attestation in classical/mythographic tradition; cult evidence varies by entity.
ENT_CASTOR,SRC_THEOI_DEIFIED,index attestation,Literary attestation in classical/mythographic tradition; cult evidence varies by entity.
ENT_POLYDEUCES,SRC_THEOI_DEIFIED,index attestation,Literary attestation in classical/mythographic tradition; cult evidence varies by entity.
ENT_ACHILLES,SRC_THEOI_DEIFIED,index attestation,Literary attestation in classical/mythographic tradition; cult evidence varies by entity.
ENT_AJAX,SRC_THEOI_DEIFIED,index attestation,Literary attestation in classical/mythographic tradition; cult evidence varies by entity.
ENT_ODYSSEUS,SRC_THEOI_DEIFIED,index attestation,Literary attestation in classical/mythographic tradition; cult evidence varies by entity.
ENT_MENELAUS,SRC_THEOI_DEIFIED,index attestation,Literary attestation in classical/mythographic tradition; cult evidence varies by entity.
ENT_HELEN,SRC_THEOI_DEIFIED,index attestation,Literary attestation in classical/mythographic tradition; cult evidence varies by entity.
ENT_IPHIGENIA,SRC_THEOI_DEIFIED,index attestation,Literary attestation in classical/mythographic tradition; cult evidence varies by entity.
ENT_ORESTES,SRC_THEOI_DEIFIED,index attestation,Literary attestation in classical/mythographic tradition; cult evidence varies by entity.
ENT_PYLADES,SRC_THEOI_DEIFIED,index attestation,Literary attestation in classical/mythographic tradition; cult evidence varies by entity.
ENT_DIOMEDES,SRC_THEOI_DEIFIED,index attestation,Literary attestation in classical/mythographic tradition; cult evidence varies by entity.
ENT_HIPPOLYTUS,SRC_THEOI_DEIFIED,index attestation,Literary attestation in classical/mythographic tradition; cult evidence varies by entity.
ENT_HYACINTHUS,SRC_THEOI_DEIFIED,index attestation,Literary attestation in classical/mythographic tradition; cult evidence varies by entity.
ENT_ADONIS_HERO,SRC_THEOI_DEIFIED,index attestation,Literary attestation in classical/mythographic tradition; cult evidence varies by entity.
ENT_ERECHTHEUS,SRC_THEOI_DEIFIED,index attestation,Literary attestation in classical/mythographic tradition; cult evidence varies by entity.
ENT_CECROPS,SRC_THEOI_DEIFIED,index attestation,Literary attestation in classical/mythographic tradition; cult evidence varies by entity.
ENT_ION,SRC_THEOI_DEIFIED,index attestation,Literary attestation in classical/mythographic tradition; cult evidence varies by entity.
ENT_MINOS_HERO,SRC_THEOI_DEIFIED,index attestation,Literary attestation in classical/mythographic tradition; cult evidence varies by entity.
ENT_RHADAMANTHYS_HERO,SRC_THEOI_DEIFIED,index attestation,Literary attestation in classical/mythographic tradition; cult evidence varies by entity.
ENT_AEACUS_HERO,SRC_THEOI_DEIFIED,index attestation,Literary attestation in classical/mythographic tradition; cult evidence varies by entity.
ENT_PELOPS,SRC_THEOI_DEIFIED,index attestation,Literary attestation in classical/mythographic tradition; cult evidence varies by entity.
ENT_OENOMAUS,SRC_THEOI_DEIFIED,index attestation,Literary attestation in classical/mythographic tradition; cult evidence varies by entity.
ENT_JASON,SRC_THEOI_DEIFIED,index attestation,Literary attestation in classical/mythographic tradition; cult evidence varies by entity.
ENT_MEDEA,SRC_THEOI_DEIFIED,index attestation,Literary attestation in classical/mythographic tradition; cult evidence varies by entity.
ENT_MELEAGER,SRC_THEOI_DEIFIED,index attestation,Literary attestation in classical/mythographic tradition; cult evidence varies by entity.
ENT_ATALANTA,SRC_THEOI_DEIFIED,index attestation,Literary attestation in classical/mythographic tradition; cult evidence varies by entity.
ENT_PROTESILAUS,SRC_THEOI_DEIFIED,index attestation,Literary attestation in classical/mythographic tradition; cult evidence varies by entity.
ENT_HECTOR,SRC_THEOI_DEIFIED,index attestation,Literary attestation in classical/mythographic tradition; cult evidence varies by entity.
ENT_MEMNON,SRC_THEOI_DEIFIED,index attestation,Literary attestation in classical/mythographic tradition; cult evidence varies by entity.
ENT_AENEAS_GREEK_RECEPTION,SRC_THEOI_DEIFIED,index attestation,Literary attestation in classical/mythographic tradition; cult evidence varies by entity.
ENT_ASCLEPIUS_HERO,SRC_THEOI_DEIFIED,index attestation,Literary attestation in classical/mythographic tradition; cult evidence varies by entity.
ENT_ARISTAEUS_HERO,SRC_THEOI_DEIFIED,index attestation,Literary attestation in classical/mythographic tradition; cult evidence varies by entity.
